Edition,Round,Date,Home Club,Away Club,Home Score,AwayScore
2023,Group C,30/06/2023,Barcelona SC,Cerro Porteño,2,2
2023,Group C,30/06/2023,Palmeiras,Bolívar,4,0
2023,Group F,30/06/2023,Boca Juniors,Monagas SC,4,0
2023,Group F,30/06/2023,Colo Colo,CS Deportivo Pereira,0,0
2023,Group A,29/06/2023,Racing Club,Ñublense,4,0
2023,Group A,29/06/2023,Flamengo,Aucas,4,0
2023,Group B,29/06/2023,Nacional,Metropolitanos FC,1,0
2023,Group B,29/06/2023,Internacional,Independiente Medellín,3,1
2023,Group E,29/06/2023,Corinthians,Liverpool,3,0
2023,Group E,29/06/2023,Independiente,Argentinos Juniors,3,2
2023,Group D,28/06/2023,Fluminense FC,Sporting Cristal,1,1
2023,Group D,28/06/2023,River Plate,The Strongest,2,0
2023,Group G,28/06/2023,Libertad,Atlético Mineiro,1,1
2023,Group G,28/06/2023,Atlético PR,Alianza Lima,3,0
2023,Group H,28/06/2023,Atlético Nacional,Patronato de Parana,0,1
2023,Group H,28/06/2023,Olimpia,FBC Melgar,4,1
2023,Group A,9/06/2023,Flamengo,Racing Club,2,1
2023,Group B,9/06/2023,Metropolitanos FC,Independiente Medellín,0,1
2023,Group H,9/06/2023,Olimpia,Atlético Nacional,3,0
2023,Group A,8/06/2023,Aucas,Ñublense,0,0
2023,Group B,8/06/2023,Nacional,Internacional,1,1
2023,Group C,8/06/2023,Palmeiras,Barcelona SC,4,2
2023,Group D,8/06/2023,River Plate,Fluminense FC,2,0
2023,Group D,8/06/2023,The Strongest,Sporting Cristal,1,2
2023,Group E,8/06/2023,Argentinos Juniors,Liverpool,2,1
2023,Group E,8/06/2023,Independiente,Corinthians,3,0
2023,Group C,7/06/2023,Bolívar,Cerro Porteño,2,0
2023,Group F,7/06/2023,Boca Juniors,Colo Colo,1,0
2023,Group F,7/06/2023,Monagas SC,CS Deportivo Pereira,1,0
2023,Group G,7/06/2023,Alianza Lima,Atlético Mineiro,0,1
2023,Group G,7/06/2023,Atlético PR,Libertad,1,0
2023,Group H,7/06/2023,FBC Melgar,Patronato de Parana,5,0
2023,Group B,26/05/2023,Metropolitanos FC,Internacional,1,2
2023,Group D,26/05/2023,Sporting Cristal,River Plate,1,1
2023,Group D,26/05/2023,The Strongest,Fluminense FC,1,0
2023,Group H,26/05/2023,Patronato de Parana,Olimpia,0,2
2023,Group A,25/05/2023,Ñublense,Flamengo,1,1
2023,Group C,25/05/2023,Cerro Porteño,Palmeiras,0,3
2023,Group E,25/05/2023,Argentinos Juniors,Corinthians,0,0
2023,Group E,25/05/2023,Liverpool,Independiente,1,0
2023,Group F,25/05/2023,CS Deportivo Pereira,Boca Juniors,1,0
2023,Group H,25/05/2023,FBC Melgar,Atlético Nacional,0,1
2023,Group A,24/05/2023,Aucas,Racing Club,1,2
2023,Group B,24/05/2023,Independiente Medellín,Nacional,2,1
2023,Group C,24/05/2023,Bolívar,Barcelona SC,1,0
2023,Group F,24/05/2023,Monagas SC,Colo Colo,1,1
2023,Group G,24/05/2023,Atlético Mineiro,Atlético PR,2,1
2023,Group G,24/05/2023,Alianza Lima,Libertad,1,2
2023,Group A,5/05/2023,Racing Club,Flamengo,1,1
2023,Group F,5/05/2023,CS Deportivo Pereira,Monagas SC,2,1
2023,Group G,5/05/2023,Libertad,Atlético PR,1,2
2023,Group H,5/05/2023,Patronato de Parana,FBC Melgar,4,1
2023,Group B,4/05/2023,Internacional,Nacional,2,2
2023,Group B,4/05/2023,Independiente Medellín,Metropolitanos FC,4,2
2023,Group C,4/05/2023,Barcelona SC,Palmeiras,0,2
2023,Group C,4/05/2023,Cerro Porteño,Bolívar,0,4
2023,Group F,4/05/2023,Colo Colo,Boca Juniors,0,2
2023,Group G,4/05/2023,Atlético Mineiro,Alianza Lima,2,0
2023,Group A,3/05/2023,Ñublense,Aucas,2,1
2023,Group D,3/05/2023,Fluminense FC,River Plate,5,1
2023,Group D,3/05/2023,Sporting Cristal,The Strongest,1,0
2023,Group E,3/05/2023,Corinthians,Independiente,1,2
2023,Group E,3/05/2023,Liverpool,Argentinos Juniors,2,2
2023,Group H,3/05/2023,Atlético Nacional,Olimpia,2,2
2023,Group A,21/04/2023,Racing Club,Aucas,3,2
2023,Group C,21/04/2023,Palmeiras,Cerro Porteño,2,1
2023,Group G,21/04/2023,Libertad,Alianza Lima,1,2
2023,Group H,21/04/2023,Atlético Nacional,FBC Melgar,3,1
2023,Group A,20/04/2023,Flamengo,Ñublense,2,0
2023,Group B,20/04/2023,Nacional,Independiente Medellín,2,1
2023,Group C,20/04/2023,Barcelona SC,Bolívar,2,1
2023,Group D,20/04/2023,River Plate,Sporting Cristal,4,2
2023,Group E,20/04/2023,Corinthians,Argentinos Juniors,0,1
2023,Group F,20/04/2023,Colo Colo,Monagas SC,1,0
2023,Group B,19/04/2023,Internacional,Metropolitanos FC,1,0
2023,Group D,19/04/2023,Fluminense FC,The Strongest,1,0
2023,Group E,19/04/2023,Independiente,Liverpool,2,0
2023,Group F,19/04/2023,Boca Juniors,CS Deportivo Pereira,2,1
2023,Group G,19/04/2023,Atlético PR,Atlético Mineiro,2,1
2023,Group H,19/04/2023,Olimpia,Patronato de Parana,1,0
2023,Group E,7/04/2023,Liverpool,Corinthians,0,3
2023,Group F,7/04/2023,Monagas SC,Boca Juniors,0,0
2023,Group G,7/04/2023,Atlético Mineiro,Libertad,0,1
2023,Group H,7/04/2023,FBC Melgar,Olimpia,1,1
2023,Group A,6/04/2023,Ñublense,Racing Club,0,2
2023,Group A,6/04/2023,Aucas,Flamengo,2,1
2023,Group C,6/04/2023,Bolívar,Palmeiras,3,1
2023,Group C,6/04/2023,Cerro Porteño,Barcelona SC,2,1
2023,Group D,6/04/2023,Sporting Cristal,Fluminense FC,1,3
2023,Group F,6/04/2023,CS Deportivo Pereira,Colo Colo,1,1
2023,Group H,6/04/2023,Patronato de Parana,Atlético Nacional,1,2
2023,Group B,5/04/2023,Metropolitanos FC,Nacional,1,2
2023,Group B,5/04/2023,Independiente Medellín,Internacional,1,1
2023,Group D,5/04/2023,The Strongest,River Plate,3,1
2023,Group E,5/04/2023,Argentinos Juniors,Independiente,1,0
2023,Group G,5/04/2023,Alianza Lima,Atlético PR,0,0
2023,Qualifying Match,17/03/2023,Sporting Cristal,Huracán,1,0
2023,Qualifying Match,16/03/2023,Cerro Porteño,Fortaleza,2,1
2023,Qualifying Match,16/03/2023,Independiente Medellín,CD Magallanes,2,0
2023,Qualifying Match,16/03/2023,Atlético Mineiro,Millonarios,3,1
2012,Final,5/07/2012,Corinthians,Boca Juniors,2,0
2012,Final,28/06/2012,Boca Juniors,Corinthians,1,1
2012,Semifinal,22/06/2012,Universidad de Chile,Boca Juniors,0,0
2012,Semifinal,21/06/2012,Corinthians,Santos FC,1,1
2012,Semifinal,15/06/2012,Boca Juniors,Universidad de Chile,2,0
2012,Semifinal,14/06/2012,Santos FC,Corinthians,0,1
2012,Quarterfinal,25/05/2012,Santos FC,Vélez Sarsfield,1,0
2012,Quarterfinal,25/05/2012,Universidad de Chile,Libertad,1,1
2012,Quarterfinal,24/05/2012,Corinthians,Vasco da Gama,1,0
2012,Quarterfinal,24/05/2012,Fluminense FC,Boca Juniors,1,1
2012,Quarterfinal,18/05/2012,Boca Juniors,Fluminense FC,1,0
2012,Quarterfinal,18/05/2012,Vélez Sarsfield,Santos FC,1,0
2012,Quarterfinal,17/05/2012,Vasco da Gama,Corinthians,0,0
2012,Quarterfinal,17/05/2012,Libertad,Universidad de Chile,1,1
2012,Round of 16,11/05/2012,Santos FC,Bolívar,8,0
2012,Round of 16,11/05/2012,Universidad de Chile,Deportivo Quito,6,0
2012,Round of 16,11/05/2012,Fluminense FC,Internacional,2,1
2012,Round of 16,10/05/2012,Lanús,Vasco da Gama,2,1
2012,Round of 16,10/05/2012,Unión Española,Boca Juniors,2,3
2012,Round of 16,10/05/2012,Corinthians,Emelec,3,0
2012,Round of 16,9/05/2012,Vélez Sarsfield,Atlético Nacional,1,1
2012,Round of 16,9/05/2012,Libertad,Cruz Azul,2,0
2012,Round of 16,4/05/2012,Deportivo Quito,Universidad de Chile,4,1
2012,Round of 16,3/05/2012,Emelec,Corinthians,0,0
2012,Round of 16,3/05/2012,Vasco da Gama,Lanús,2,1
2012,Round of 16,3/05/2012,Boca Juniors,Unión Española,2,1
2012,Round of 16,2/05/2012,Atlético Nacional,Vélez Sarsfield,0,1
2012,Round of 16,2/05/2012,Cruz Azul,Libertad,1,1
2012,Round of 16,26/04/2012,Bolívar,Santos FC,2,1
2012,Round of 16,26/04/2012,Internacional,Fluminense FC,0,0
2012,Group A,20/04/2012,Juan Aurich,Internacional,1,0
2012,Group A,20/04/2012,Santos FC,The Strongest,2,0
2012,Group H,20/04/2012,Universidad de Chile,Atlético Nacional,2,1
2012,Group H,20/04/2012,Peñarol,Godoy Cruz Antonio Tomba,4,2
2012,Group D,19/04/2012,Arsenal de Sarandí,Fluminense FC,1,2
2012,Group D,19/04/2012,Boca Juniors,Zamora FC,2,0
2012,Group F,19/04/2012,Corinthians,Deportivo Táchira,6,0
2012,Group F,19/04/2012,Cruz Azul,Nacional Asunción,4,1
2012,Group C,18/04/2012,Bolívar,Universidad Católica,3,0
2012,Group C,18/04/2012,Junior FC,Unión Española,2,1
2012,Group G,18/04/2012,Deportivo Quito,Guadalajara,5,0
2012,Group G,18/04/2012,Vélez Sarsfield,Defensor Sporting,1,3
2012,Group B,13/04/2012,Olimpia,Emelec,2,3
2012,Group B,13/04/2012,Flamengo,Lanús,3,0
2012,Group E,13/04/2012,Nacional,Vasco da Gama,0,1
2012,Group E,13/04/2012,Alianza Lima,Libertad,1,2
2012,Group D,12/04/2012,Fluminense FC,Boca Juniors,0,2
2012,Group F,12/04/2012,Nacional Asunción,Corinthians,1,3
2012,Group G,12/04/2012,Guadalajara,Vélez Sarsfield,0,2
2012,Group C,11/04/2012,Unión Española,Bolívar,2,1
2012,Group D,11/04/2012,Zamora FC,Arsenal de Sarandí,0,1
2012,Group H,11/04/2012,Atlético Nacional,Peñarol,3,0
2012,Group G,10/04/2012,Deportivo Quito,Defensor Sporting,2,0
2012,Group A,6/04/2012,Juan Aurich,The Strongest,1,0
2012,Group E,6/04/2012,Libertad,Nacional,2,1
2012,Group A,5/04/2012,Internacional,Santos FC,1,1
2012,Group B,5/04/2012,Emelec,Flamengo,3,2
2012,Group C,5/04/2012,Junior FC,Universidad Católica,3,0
2012,Group H,5/04/2012,Godoy Cruz Antonio Tomba,Universidad de Chile,0,1
2012,Group B,4/04/2012,Lanús,Olimpia,6,0
2012,Group E,4/04/2012,Alianza Lima,Vasco da Gama,1,2
2012,Group F,4/04/2012,Deportivo Táchira,Cruz Azul,1,1
2012,Group D,30/03/2012,Zamora FC,Fluminense FC,0,1
2012,Group D,30/03/2012,Boca Juniors,Arsenal de Sarandí,2,0
2012,Group B,29/03/2012,Olimpia,Flamengo,3,2
2012,Group C,29/03/2012,Universidad Católica,Unión Española,2,1
2012,Group G,29/03/2012,Defensor Sporting,Guadalajara,1,0
2012,Group E,28/03/2012,Nacional,Alianza Lima,1,0
2012,Group F,28/03/2012,Deportivo Táchira,Nacional Asunción,0,0
2012,Group H,28/03/2012,Universidad de Chile,Peñarol,2,1
2012,Group A,23/03/2012,Santos FC,Juan Aurich,2,0
2012,Group H,23/03/2012,Atlético Nacional,Godoy Cruz Antonio Tomba,2,2
2012,Group E,22/03/2012,Vasco da Gama,Libertad,2,0
2012,Group F,22/03/2012,Corinthians,Cruz Azul,1,0
2012,Group G,22/03/2012,Vélez Sarsfield,Deportivo Quito,1,0
2012,Group A,21/03/2012,The Strongest,Internacional,1,1
2012,Group B,21/03/2012,Emelec,Lanús,0,2
2012,Group C,21/03/2012,Bolívar,Junior FC,2,1
2012,Group B,16/03/2012,Flamengo,Olimpia,3,3
2012,Group A,15/03/2012,Juan Aurich,Santos FC,1,3
2012,Group E,15/03/2012,Libertad,Vasco da Gama,1,1
2012,Group F,15/03/2012,Cruz Azul,Corinthians,0,0
2012,Group A,14/03/2012,Internacional,The Strongest,5,0
2012,Group D,14/03/2012,Fluminense FC,Zamora FC,1,0
2012,Group D,14/03/2012,Arsenal de Sarandí,Boca Juniors,1,2
2012,Group E,14/03/2012,Alianza Lima,Nacional,1,0
2012,Group G,14/03/2012,Guadalajara,Defensor Sporting,1,0
2012,Group B,13/03/2012,Lanús,Emelec,1,0
2012,Group F,13/03/2012,Nacional Asunción,Deportivo Táchira,3,2
2012,Group C,9/03/2012,Junior FC,Bolívar,0,1
2012,Group H,9/03/2012,Godoy Cruz Antonio Tomba,Atlético Nacional,4,4
2012,Group B,8/03/2012,Flamengo,Emelec,1,0
2012,Group D,8/03/2012,Boca Juniors,Fluminense FC,1,2
2012,Group F,8/03/2012,Corinthians,Nacional Asunción,2,0
2012,Group A,7/03/2012,Santos FC,Internacional,3,1
2012,Group C,7/03/2012,Unión Española,Universidad Católica,1,1
2012,Group E,7/03/2012,Vasco da Gama,Alianza Lima,3,2
2012,Group G,7/03/2012,Deportivo Quito,Vélez Sarsfield,3,0
2012,Group H,6/03/2012,Peñarol,Universidad de Chile,1,1
2012,Group A,24/02/2012,The Strongest,Juan Aurich,2,1
2012,Group C,24/02/2012,Universidad Católica,Junior FC,2,2
2012,Group B,23/02/2012,Olimpia,Lanús,2,1
2012,Group G,23/02/2012,Vélez Sarsfield,Guadalajara,3,0
2012,Group C,22/02/2012,Bolívar,Unión Española,1,3
2012,Group D,22/02/2012,Arsenal de Sarandí,Zamora FC,3,0
2012,Group F,22/02/2012,Cruz Azul,Deportivo Táchira,4,0
2012,Group H,22/02/2012,Universidad de Chile,Godoy Cruz Antonio Tomba,5,1
2012,Group H,21/02/2012,Peñarol,Atlético Nacional,0,4
2012,Group H,17/02/2012,Godoy Cruz Antonio Tomba,Peñarol,1,0
2012,Group B,16/02/2012,Lanús,Flamengo,1,1
2012,Group E,16/02/2012,Nacional,Libertad,1,2
2012,Group F,16/02/2012,Deportivo Táchira,Corinthians,1,1
2012,Group A,15/02/2012,The Strongest,Santos FC,2,1
2012,Group D,15/02/2012,Zamora FC,Boca Juniors,0,0
2012,Group H,15/02/2012,Atlético Nacional,Universidad de Chile,2,0
2012,Group G,14/02/2012,Defensor Sporting,Deportivo Quito,2,0
2012,Group B,10/02/2012,Emelec,Olimpia,1,0
2012,Group C,10/02/2012,Universidad Católica,Bolívar,1,1
2012,Group E,10/02/2012,Libertad,Alianza Lima,4,1
2012,Group A,9/02/2012,Internacional,Juan Aurich,2,0
2012,Group E,9/02/2012,Vasco da Gama,Nacional,1,2
2012,Group C,8/02/2012,Unión Española,Junior FC,2,0
2012,Group D,8/02/2012,Fluminense FC,Arsenal de Sarandí,1,0
2012,Group F,8/02/2012,Nacional Asunción,Cruz Azul,1,2
2012,Group G,8/02/2012,Guadalajara,Deportivo Quito,1,1
2012,Group G,7/02/2012,Defensor Sporting,Vélez Sarsfield,0,3
2012,Qualifying Match,3/02/2012,Caracas,Peñarol,1,1
2012,Qualifying Match,3/02/2012,Tigres UANL,Unión Española,2,2
2012,Qualifying Match,2/02/2012,Flamengo,Real Potosí,2,0
2012,Qualifying Match,2/02/2012,Once Caldas,Internacional,2,2
2012,Qualifying Match,1/02/2012,Sport Huancayo,Arsenal de Sarandí,1,1
2012,Qualifying Match,1/02/2012,Libertad,El Nacional,4,1
2012,Qualifying Match,26/01/2012,Internacional,Once Caldas,1,0
2012,Qualifying Match,26/01/2012,Real Potosí,Flamengo,2,1
2012,Qualifying Match,26/01/2012,Peñarol,Caracas,4,0
2012,Qualifying Match,25/01/2012,Arsenal de Sarandí,Sport Huancayo,3,0
2012,Qualifying Match,25/01/2012,El Nacional,Libertad,1,0
2012,Qualifying Match,25/01/2012,Unión Española,Tigres UANL,1,0
2022,Final,29/10/2022,Flamengo,Atlético PR,1,0
2022,Semifinal,8/09/2022,Flamengo,Vélez Sarsfield,2,1
2022,Semifinal,7/09/2022,Palmeiras,Atlético PR,2,2
2022,Semifinal,1/09/2022,Vélez Sarsfield,Flamengo,0,4
2022,Semifinal,31/08/2022,Atlético PR,Palmeiras,1,0
2022,Quarterfinal,12/08/2022,Estudiantes de la Plata,Atlético PR,0,1
2022,Quarterfinal,11/08/2022,Palmeiras,Atlético Mineiro,0,0
2022,Quarterfinal,11/08/2022,Talleres de Cordoba,Vélez Sarsfield,0,1
2022,Quarterfinal,10/08/2022,Flamengo,Corinthians,1,0
2022,Quarterfinal,5/08/2022,Atlético PR,Estudiantes de la Plata,0,0
2022,Quarterfinal,4/08/2022,Vélez Sarsfield,Talleres de Cordoba,3,2
2022,Quarterfinal,4/08/2022,Atlético Mineiro,Palmeiras,2,2
2022,Quarterfinal,3/08/2022,Corinthians,Flamengo,0,2
2022,Round of 16,8/07/2022,Estudiantes de la Plata,Fortaleza,3,0
2022,Round of 16,7/07/2022,River Plate,Vélez Sarsfield,0,0
2022,Round of 16,7/07/2022,Colón Santa Fe,Talleres de Cordoba,0,2
2022,Round of 16,7/07/2022,Flamengo,Tolima,7,1
2022,Round of 16,7/07/2022,Palmeiras,Cerro Porteño,5,0
2022,Round of 16,6/07/2022,Boca Juniors,Corinthians,0,0
2022,Round of 16,6/07/2022,Atlético Mineiro,Emelec,1,0
2022,Round of 16,6/07/2022,Libertad,Atlético PR,1,1
2022,Round of 16,1/07/2022,Fortaleza,Estudiantes de la Plata,1,1
2022,Round of 16,30/06/2022,Vélez Sarsfield,River Plate,1,0
2022,Round of 16,30/06/2022,Talleres de Cordoba,Colón Santa Fe,1,1
2022,Round of 16,30/06/2022,Cerro Porteño,Palmeiras,0,3
2022,Round of 16,30/06/2022,Tolima,Flamengo,0,1
2022,Round of 16,29/06/2022,Corinthians,Boca Juniors,0,0
2022,Round of 16,29/06/2022,Emelec,Atlético Mineiro,1,1
2022,Round of 16,29/06/2022,Atlético PR,Libertad,2,1
2022,Group B,27/05/2022,Atlético PR,Caracas,5,1
2022,Group B,27/05/2022,Libertad,The Strongest,4,1
2022,Group E,27/05/2022,Boca Juniors,Deportivo Cali,1,0
2022,Group E,27/05/2022,Corinthians,Always Ready,1,1
2022,Group D,26/05/2022,Atlético Mineiro,Tolima,1,2
2022,Group D,26/05/2022,Independiente,América Mineiro,3,0
2022,Group F,26/05/2022,River Plate,Alianza Lima,8,1
2022,Group F,26/05/2022,Colo Colo,Fortaleza,3,4
2022,Group G,26/05/2022,Peñarol,Colón Santa Fe,2,1
2022,Group G,26/05/2022,Cerro Porteño,Olimpia,0,1
2022,Group A,25/05/2022,Emelec,Independiente Petrolero,7,0
2022,Group A,25/05/2022,Palmeiras,Deportivo Táchira,4,1
2022,Group C,25/05/2022,Nacional,Red Bull Bragantino SP,3,0
2022,Group C,25/05/2022,Vélez Sarsfield,Estudiantes de la Plata,4,0
2022,Group H,25/05/2022,Universidad Católica,Talleres de Cordoba,0,1
2022,Group H,25/05/2022,Flamengo,Sporting Cristal,2,1
2022,Group D,20/05/2022,Atlético Mineiro,Independiente,3,1
2022,Group E,20/05/2022,Deportivo Cali,Always Ready,3,0
2022,Group F,20/05/2022,River Plate,Colo Colo,4,0
2022,Group A,19/05/2022,Deportivo Táchira,Independiente Petrolero,3,0
2022,Group A,19/05/2022,Palmeiras,Emelec,1,0
2022,Group B,19/05/2022,Atlético PR,Libertad,2,0
2022,Group C,19/05/2022,Nacional,Vélez Sarsfield,2,3
2022,Group D,19/05/2022,Tolima,América Mineiro,2,2
2022,Group F,19/05/2022,Alianza Lima,Fortaleza,0,2
2022,Group G,19/05/2022,Colón Santa Fe,Olimpia,2,1
2022,Group B,18/05/2022,Caracas,The Strongest,0,0
2022,Group C,18/05/2022,Red Bull Bragantino SP,Estudiantes de la Plata,0,1
2022,Group E,18/05/2022,Boca Juniors,Corinthians,1,1
2022,Group G,18/05/2022,Peñarol,Cerro Porteño,0,0
2022,Group H,18/05/2022,Flamengo,Universidad Católica,3,0
2022,Group H,18/05/2022,Sporting Cristal,Talleres de Cordoba,0,0
2022,Group C,6/05/2022,Red Bull Bragantino SP,Vélez Sarsfield,1,1
2022,Group F,6/05/2022,Fortaleza,River Plate,1,1
2022,Group F,6/05/2022,Alianza Lima,Colo Colo,1,1
2022,Group D,5/05/2022,Tolima,Independiente,1,0
2022,Group E,5/05/2022,Always Ready,Boca Juniors,0,1
2022,Group E,5/05/2022,Deportivo Cali,Corinthians,0,0
2022,Group G,5/05/2022,Olimpia,Peñarol,1,0
2022,Group G,5/05/2022,Colón Santa Fe,Cerro Porteño,2,1
2022,Group H,5/05/2022,Sporting Cristal,Universidad Católica,1,1
2022,Group H,5/05/2022,Talleres de Cordoba,Flamengo,2,2
2022,Group A,4/05/2022,Independiente Petrolero,Palmeiras,0,5
2022,Group A,4/05/2022,Deportivo Táchira,Emelec,1,4
2022,Group B,4/05/2022,The Strongest,Atlético PR,5,0
2022,Group B,4/05/2022,Caracas,Libertad,1,0
2022,Group C,4/05/2022,Estudiantes de la Plata,Nacional,1,0
2022,Group D,4/05/2022,América Mineiro,Atlético Mineiro,1,2
2022,Group E,29/04/2022,Always Ready,Deportivo Cali,2,2
2022,Group G,29/04/2022,Olimpia,Colón Santa Fe,0,0
2022,Group H,29/04/2022,Universidad Católica,Flamengo,2,3
2022,Group A,28/04/2022,Emelec,Palmeiras,1,3
2022,Group B,28/04/2022,The Strongest,Caracas,1,1
2022,Group D,28/04/2022,América Mineiro,Tolima,2,3
2022,Group F,28/04/2022,Fortaleza,Alianza Lima,2,1
2022,Group F,28/04/2022,Colo Colo,River Plate,1,2
2022,Group G,28/04/2022,Cerro Porteño,Peñarol,1,0
2022,Group A,27/04/2022,Independiente Petrolero,Deportivo Táchira,1,2
2022,Group B,27/04/2022,Libertad,Atlético PR,1,0
2022,Group C,27/04/2022,Estudiantes de la Plata,Red Bull Bragantino SP,2,0
2022,Group C,27/04/2022,Vélez Sarsfield,Nacional,1,2
2022,Group D,27/04/2022,Independiente,Atlético Mineiro,1,1
2022,Group E,27/04/2022,Corinthians,Boca Juniors,2,0
2022,Group H,27/04/2022,Talleres de Cordoba,Sporting Cristal,1,0
2022,Group A,15/04/2022,Emelec,Deportivo Táchira,1,1
2022,Group B,15/04/2022,Atlético PR,The Strongest,1,0
2022,Group C,15/04/2022,Vélez Sarsfield,Red Bull Bragantino SP,2,2
2022,Group B,14/04/2022,Libertad,Caracas,2,1
2022,Group C,14/04/2022,Nacional,Estudiantes de la Plata,0,0
2022,Group D,14/04/2022,Atlético Mineiro,América Mineiro,1,1
2022,Group D,14/04/2022,Independiente,Tolima,2,2
2022,Group E,14/04/2022,Corinthians,Deportivo Cali,1,0
2022,Group F,14/04/2022,River Plate,Fortaleza,2,0
2022,Group F,14/04/2022,Colo Colo,Alianza Lima,2,1
2022,Group A,13/04/2022,Palmeiras,Independiente Petrolero,8,1
2022,Group E,13/04/2022,Boca Juniors,Always Ready,2,0
2022,Group G,13/04/2022,Peñarol,Olimpia,2,1
2022,Group G,13/04/2022,Cerro Porteño,Colón Santa Fe,3,1
2022,Group H,13/04/2022,Universidad Católica,Sporting Cristal,2,1
2022,Group H,13/04/2022,Flamengo,Talleres de Cordoba,3,1
2022,Group B,8/04/2022,The Strongest,Libertad,1,1
2022,Group C,8/04/2022,Estudiantes de la Plata,Vélez Sarsfield,4,1
2022,Group F,8/04/2022,Fortaleza,Colo Colo,1,2
2022,Group A,7/04/2022,Independiente Petrolero,Emelec,1,1
2022,Group A,7/04/2022,Deportivo Táchira,Palmeiras,0,4
2022,Group C,7/04/2022,Red Bull Bragantino SP,Nacional,2,0
2022,Group D,7/04/2022,América Mineiro,Independiente,0,2
2022,Group D,7/04/2022,Tolima,Atlético Mineiro,0,2
2022,Group F,7/04/2022,Alianza Lima,River Plate,0,1
2022,Group H,7/04/2022,Talleres de Cordoba,Universidad Católica,1,0
2022,Group B,6/04/2022,Caracas,Atlético PR,0,0
2022,Group E,6/04/2022,Always Ready,Corinthians,2,0
2022,Group E,6/04/2022,Deportivo Cali,Boca Juniors,2,0
2022,Group G,6/04/2022,Colón Santa Fe,Peñarol,2,1
2022,Group G,6/04/2022,Olimpia,Cerro Porteño,0,0
2022,Group H,6/04/2022,Sporting Cristal,Flamengo,0,2
2022,Qualifying Match,18/03/2022,The Strongest,Universidad Católica,2,1
2022,Qualifying Match,17/03/2022,Olimpia,Fluminense FC,2,0
2022,Qualifying Match,16/03/2022,Estudiantes de la Plata,Everton CD,1,0
2022,Qualifying Match,16/03/2022,Barcelona SC,América Mineiro,0,0
2022,Qualifying Match,11/03/2022,Universidad Católica,The Strongest,0,0
2022,Qualifying Match,10/03/2022,Fluminense FC,Olimpia,3,1
2022,Qualifying Match,9/03/2022,Everton CD,Estudiantes de la Plata,0,1
2022,Qualifying Match,9/03/2022,América Mineiro,Barcelona SC,0,0
2011,Final,23/06/2011,Santos FC,Peñarol,2,1
2011,Final,16/06/2011,Peñarol,Santos FC,0,0
2011,Semifinal,3/06/2011,Vélez Sarsfield,Peñarol,2,1
2011,Semifinal,2/06/2011,Cerro Porteño,Santos FC,3,3
2011,Semifinal,27/05/2011,Peñarol,Vélez Sarsfield,1,0
2011,Semifinal,26/05/2011,Santos FC,Cerro Porteño,1,0
2011,Quarterfinal,20/05/2011,Cerro Porteño,Jaguares Chiapas,1,0
2011,Quarterfinal,20/05/2011,Universidad Católica,Peñarol,2,1
2011,Quarterfinal,19/05/2011,Santos FC,Once Caldas,1,1
2011,Quarterfinal,19/05/2011,Libertad,Vélez Sarsfield,2,4
2011,Quarterfinal,13/05/2011,Jaguares Chiapas,Cerro Porteño,1,1
2011,Quarterfinal,13/05/2011,Vélez Sarsfield,Libertad,3,0
2011,Quarterfinal,12/05/2011,Peñarol,Universidad Católica,2,0
2011,Quarterfinal,12/05/2011,Once Caldas,Santos FC,0,1
2011,Round of 16,6/05/2011,LDU de Quito,Vélez Sarsfield,0,2
2011,Round of 16,6/05/2011,Cerro Porteño,Estudiantes de la Plata,0,0
2011,Round of 16,6/05/2011,Junior FC,Jaguares Chiapas,3,3
2011,Round of 16,5/05/2011,Libertad,Fluminense FC,3,0
2011,Round of 16,5/05/2011,Cruzeiro,Once Caldas,0,2
2011,Round of 16,5/05/2011,Internacional,Peñarol,1,2
2011,Round of 16,5/05/2011,Universidad Católica,Grêmio,1,0
2011,Round of 16,4/05/2011,América,Santos FC,0,0
2011,Round of 16,29/04/2011,Fluminense FC,Libertad,3,1
2011,Round of 16,29/04/2011,Peñarol,Internacional,1,1
2011,Round of 16,28/04/2011,Santos FC,América,1,0
2011,Round of 16,28/04/2011,Estudiantes de la Plata,Cerro Porteño,0,0
2011,Round of 16,28/04/2011,Jaguares Chiapas,Junior FC,1,1
2011,Round of 16,28/04/2011,Once Caldas,Cruzeiro,1,2
2011,Round of 16,27/04/2011,Grêmio,Universidad Católica,1,2
2011,Round of 16,27/04/2011,Vélez Sarsfield,LDU de Quito,3,0
2011,Group C,21/04/2011,Argentinos Juniors,Fluminense FC,2,4
2011,Group C,21/04/2011,Nacional,América,0,0
2011,Group E,21/04/2011,Santos FC,Deportivo Táchira,3,1
2011,Group E,21/04/2011,Colo Colo,Cerro Porteño,2,3
2011,Group A,20/04/2011,Libertad,San Luis FC,2,0
2011,Group A,20/04/2011,Universidad San Martín de Porres,Once Caldas,0,2
2011,Group F,20/04/2011,Jorge Wilstermann,Jaguares Chiapas,2,1
2011,Group F,20/04/2011,Internacional,Emelec,2,0
2011,Group B,15/04/2011,Oriente Petrolero,Grêmio,3,0
2011,Group B,15/04/2011,Junior FC,León de Huánuco,1,1
2011,Group D,15/04/2011,Universidad Católica,Unión Española,2,1
2011,Group D,15/04/2011,Caracas,Vélez Sarsfield,0,3
2011,Group E,15/04/2011,Cerro Porteño,Santos FC,1,2
2011,Group G,14/04/2011,Guaraní,Tolima,0,2
2011,Group G,14/04/2011,Estudiantes de la Plata,Cruzeiro,0,3
2011,Group E,13/04/2011,Colo Colo,Deportivo Táchira,2,1
2011,Group H,13/04/2011,LDU de Quito,Godoy Cruz Antonio Tomba,2,0
2011,Group H,13/04/2011,Peñarol,Independiente,0,1
2011,Group B,8/04/2011,Grêmio,Junior FC,2,0
2011,Group D,8/04/2011,Universidad Católica,Vélez Sarsfield,0,0
2011,Group F,8/04/2011,Jorge Wilstermann,Emelec,0,0
2011,Group C,7/04/2011,Nacional,Fluminense FC,2,0
2011,Group C,7/04/2011,América,Argentinos Juniors,2,1
2011,Group D,7/04/2011,Unión Española,Caracas,1,2
2011,Group E,7/04/2011,Santos FC,Colo Colo,3,2
2011,Group E,7/04/2011,Deportivo Táchira,Cerro Porteño,0,2
2011,Group F,7/04/2011,Jaguares Chiapas,Internacional,1,0
2011,Group H,6/04/2011,Independiente,LDU de Quito,1,1
2011,Group H,1/04/2011,Peñarol,Godoy Cruz Antonio Tomba,2,1
2011,Group F,31/03/2011,Internacional,Jorge Wilstermann,3,0
2011,Group G,31/03/2011,Tolima,Estudiantes de la Plata,1,1
2011,Group G,31/03/2011,Guaraní,Cruzeiro,0,2
2011,Group D,25/03/2011,Vélez Sarsfield,Unión Española,2,1
2011,Group B,24/03/2011,Oriente Petrolero,León de Huánuco,2,0
2011,Group C,24/03/2011,Fluminense FC,América,3,2
2011,Group A,23/03/2011,Libertad,Once Caldas,2,2
2011,Group A,23/03/2011,San Luis FC,Universidad San Martín de Porres,3,1
2011,Group D,23/03/2011,Caracas,Universidad Católica,0,2
2011,Group H,23/03/2011,Godoy Cruz Antonio Tomba,Independiente,1,1
2011,Group B,18/03/2011,Junior FC,Oriente Petrolero,2,1
2011,Group H,18/03/2011,LDU de Quito,Peñarol,5,0
2011,Group B,17/03/2011,León de Huánuco,Grêmio,1,1
2011,Group E,17/03/2011,Colo Colo,Santos FC,3,2
2011,Group F,17/03/2011,Emelec,Jaguares Chiapas,1,0
2011,Group G,17/03/2011,Estudiantes de la Plata,Guaraní,5,1
2011,Group G,17/03/2011,Cruzeiro,Tolima,6,1
2011,Group A,16/03/2011,Once Caldas,San Luis FC,1,1
2011,Group C,16/03/2011,Argentinos Juniors,Nacional,0,1
2011,Group F,16/03/2011,Jorge Wilstermann,Internacional,1,4
2011,Group A,15/03/2011,Universidad San Martín de Porres,Libertad,0,1
2011,Group H,11/03/2011,Independiente,Godoy Cruz Antonio Tomba,1,3
2011,Group D,10/03/2011,Universidad Católica,Caracas,1,3
2011,Group D,10/03/2011,Unión Española,Vélez Sarsfield,2,1
2011,Group E,10/03/2011,Cerro Porteño,Deportivo Táchira,1,1
2011,Group G,10/03/2011,Guaraní,Estudiantes de la Plata,1,2
2011,Group B,9/03/2011,Oriente Petrolero,Junior FC,1,2
2011,Group F,9/03/2011,Jaguares Chiapas,Emelec,2,1
2011,Group H,9/03/2011,Peñarol,LDU de Quito,1,0
2011,Group A,8/03/2011,Libertad,Universidad San Martín de Porres,5,1
2011,Group B,4/03/2011,Grêmio,León de Huánuco,2,0
2011,Group D,4/03/2011,Caracas,Unión Española,2,0
2011,Group D,4/03/2011,Vélez Sarsfield,Universidad Católica,3,4
2011,Group H,4/03/2011,LDU de Quito,Independiente,3,0
2011,Group A,3/03/2011,San Luis FC,Once Caldas,1,1
2011,Group C,3/03/2011,América,Fluminense FC,1,0
2011,Group E,3/03/2011,Santos FC,Cerro Porteño,1,1
2011,Group C,2/03/2011,Nacional,Argentinos Juniors,0,1
2011,Group E,2/03/2011,Deportivo Táchira,Colo Colo,2,4
2011,Group G,2/03/2011,Tolima,Cruzeiro,0,0
2011,Group H,2/03/2011,Godoy Cruz Antonio Tomba,Peñarol,1,3
2011,Group B,25/02/2011,Junior FC,Grêmio,2,1
2011,Group C,25/02/2011,Argentinos Juniors,América,3,1
2011,Group C,24/02/2011,Fluminense FC,Nacional,0,0
2011,Group F,24/02/2011,Internacional,Jaguares Chiapas,4,0
2011,Group H,24/02/2011,Independiente,Peñarol,3,0
2011,Group A,23/02/2011,Universidad San Martín de Porres,San Luis FC,2,0
2011,Group A,23/02/2011,Once Caldas,Libertad,1,1
2011,Group B,23/02/2011,León de Huánuco,Oriente Petrolero,1,0
2011,Group F,23/02/2011,Emelec,Jorge Wilstermann,1,0
2011,Group G,23/02/2011,Estudiantes de la Plata,Tolima,1,0
2011,Group G,22/02/2011,Cruzeiro,Guaraní,4,0
2011,Group E,18/02/2011,Cerro Porteño,Colo Colo,5,2
2011,Group H,18/02/2011,Godoy Cruz Antonio Tomba,LDU de Quito,2,1
2011,Group A,17/02/2011,Once Caldas,Universidad San Martín de Porres,0,3
2011,Group B,17/02/2011,León de Huánuco,Junior FC,1,2
2011,Group B,17/02/2011,Grêmio,Oriente Petrolero,3,0
2011,Group F,17/02/2011,Emelec,Internacional,1,1
2011,Group F,17/02/2011,Jaguares Chiapas,Jorge Wilstermann,2,0
2011,Group G,17/02/2011,Cruzeiro,Estudiantes de la Plata,5,0
2011,Group A,16/02/2011,San Luis FC,Libertad,1,2
2011,Group C,16/02/2011,América,Nacional,2,0
2011,Group D,16/02/2011,Unión Española,Universidad Católica,2,2
2011,Group E,16/02/2011,Deportivo Táchira,Santos FC,0,0
2011,Group D,15/02/2011,Vélez Sarsfield,Caracas,3,0
2011,Group G,15/02/2011,Tolima,Guaraní,1,0
2011,Group C,10/02/2011,Fluminense FC,Argentinos Juniors,2,2
2011,Qualifying Match,4/02/2011,Unión Española,Bolívar,0,0
2011,Qualifying Match,4/02/2011,Deportivo Petare,Cerro Porteño,1,1
2011,Qualifying Match,3/02/2011,Tolima,Corinthians,2,0
2011,Qualifying Match,3/02/2011,Grêmio,Liverpool,3,1
2011,Qualifying Match,2/02/2011,Deportivo Quito,Independiente,1,0
2011,Qualifying Match,2/02/2011,Jaguares Chiapas,Alianza Lima,2,0
2011,Qualifying Match,27/01/2011,Cerro Porteño,Deportivo Petare,1,0
2011,Qualifying Match,27/01/2011,Bolívar,Unión Española,0,1
2011,Qualifying Match,26/01/2011,Independiente,Deportivo Quito,2,0
2011,Qualifying Match,26/01/2011,Corinthians,Tolima,0,0
2011,Qualifying Match,26/01/2011,Liverpool,Grêmio,2,2
2011,Qualifying Match,26/01/2011,Alianza Lima,Jaguares Chiapas,0,2
2021,Final,27/11/2021,Palmeiras,Flamengo,2,1
2021,Semifinal,30/09/2021,Barcelona SC,Flamengo,0,2
2021,Semifinal,29/09/2021,Atlético Mineiro,Palmeiras,1,1
2021,Semifinal,23/09/2021,Flamengo,Barcelona SC,2,0
2021,Semifinal,22/09/2021,Palmeiras,Atlético Mineiro,0,0
2021,Quarterfinal,20/08/2021,Barcelona SC,Fluminense FC,1,1
2021,Quarterfinal,19/08/2021,Atlético Mineiro,River Plate,3,0
2021,Quarterfinal,19/08/2021,Flamengo,Olimpia,5,1
2021,Quarterfinal,18/08/2021,Palmeiras,São Paulo,3,0
2021,Round of 16,13/08/2021,Fluminense FC,Barcelona SC,2,2
2021,Round of 16,12/08/2021,River Plate,Atlético Mineiro,0,1
2021,Round of 16,12/08/2021,Olimpia,Flamengo,1,4
2021,Round of 16,11/08/2021,São Paulo,Palmeiras,1,1
2021,Round of 16,4/08/2021,Fluminense FC,Cerro Porteño,1,0
2021,Round of 16,23/07/2021,Internacional,Olimpia,0,0
2021,Round of 16,22/07/2021,Argentinos Juniors,River Plate,0,2
2021,Round of 16,22/07/2021,Palmeiras,Universidad Católica,1,0
2021,Round of 16,22/07/2021,Barcelona SC,Vélez Sarsfield,3,1
2021,Round of 16,22/07/2021,Flamengo,Defensa y Justicia,4,1
2021,Round of 16,21/07/2021,Atlético Mineiro,Boca Juniors,0,0
2021,Round of 16,21/07/2021,Racing Club,São Paulo,1,3
2021,Round of 16,16/07/2021,Olimpia,Internacional,0,0
2021,Round of 16,15/07/2021,River Plate,Argentinos Juniors,1,1
2021,Round of 16,15/07/2021,Universidad Católica,Palmeiras,0,1
2021,Round of 16,15/07/2021,Defensa y Justicia,Flamengo,0,1
2021,Round of 16,15/07/2021,Vélez Sarsfield,Barcelona SC,1,0
2021,Round of 16,14/07/2021,Boca Juniors,Atlético Mineiro,0,0
2021,Round of 16,14/07/2021,Cerro Porteño,Fluminense FC,0,2
2021,Round of 16,14/07/2021,São Paulo,Racing Club,1,1
2021,Group A,28/05/2021,Defensa y Justicia,Independiente,1,1
2021,Group A,28/05/2021,Palmeiras,Universitario de Deportes,6,0
2021,Group G,28/05/2021,Flamengo,Vélez Sarsfield,0,0
2021,Group G,28/05/2021,LDU de Quito,Unión La Calera,5,2
2021,Group B,27/05/2021,Olimpia,Deportivo Táchira,6,2
2021,Group B,27/05/2021,Internacional,Always Ready,0,0
2021,Group C,27/05/2021,Barcelona SC,Santos FC,3,1
2021,Group C,27/05/2021,Boca Juniors,The Strongest,3,0
2021,Group F,27/05/2021,Universidad Católica,Atlético Nacional,2,0
2021,Group F,27/05/2021,Nacional,Argentinos Juniors,2,0
2021,Group D,26/05/2021,River Plate,Fluminense FC,1,3
2021,Group D,26/05/2021,Santa Fe,Junior FC,0,0
2021,Group E,26/05/2021,Racing Club,Rentistas,3,0
2021,Group E,26/05/2021,São Paulo,Sporting Cristal,3,0
2021,Group H,26/05/2021,Atlético Mineiro,Deportivo La Guaira FC,4,0
2021,Group H,26/05/2021,Cerro Porteño,América de Cali,1,0
2021,Group B,21/05/2021,Olimpia,Internacional,0,1
2021,Group C,21/05/2021,Boca Juniors,Barcelona SC,0,0
2021,Group F,21/05/2021,Argentinos Juniors,Atlético Nacional,1,0
2021,Group B,20/05/2021,Deportivo Táchira,Always Ready,7,2
2021,Group D,20/05/2021,River Plate,Santa Fe,2,1
2021,Group E,20/05/2021,Sporting Cristal,Rentistas,2,0
2021,Group G,20/05/2021,Flamengo,LDU de Quito,2,2
2021,Group G,20/05/2021,Vélez Sarsfield,Unión La Calera,2,1
2021,Group H,20/05/2021,América de Cali,Deportivo La Guaira FC,3,1
2021,Group H,20/05/2021,Cerro Porteño,Atlético Mineiro,0,1
2021,Group A,19/05/2021,Universitario de Deportes,Independiente,3,2
2021,Group A,19/05/2021,Palmeiras,Defensa y Justicia,3,4
2021,Group C,19/05/2021,The Strongest,Santos FC,2,1
2021,Group D,19/05/2021,Fluminense FC,Junior FC,1,2
2021,Group E,19/05/2021,São Paulo,Racing Club,0,1
2021,Group F,19/05/2021,Nacional,Universidad Católica,1,0
2021,Group B,14/05/2021,Always Ready,Olimpia,1,2
2021,Group G,14/05/2021,Vélez Sarsfield,LDU de Quito,3,1
2021,Group H,14/05/2021,América de Cali,Atlético Mineiro,1,3
2021,Group A,13/05/2021,Universitario de Deportes,Defensa y Justicia,1,1
2021,Group D,13/05/2021,Junior FC,River Plate,1,1
2021,Group D,13/05/2021,Fluminense FC,Santa Fe,2,1
2021,Group E,13/05/2021,Rentistas,São Paulo,1,1
2021,Group F,13/05/2021,Atlético Nacional,Nacional,0,0
2021,Group F,13/05/2021,Argentinos Juniors,Universidad Católica,0,1
2021,Group H,13/05/2021,Deportivo La Guaira FC,Cerro Porteño,0,1
2021,Group A,12/05/2021,Independiente,Palmeiras,0,1
2021,Group B,12/05/2021,Deportivo Táchira,Internacional,2,1
2021,Group C,12/05/2021,Santos FC,Boca Juniors,1,0
2021,Group C,12/05/2021,The Strongest,Barcelona SC,2,0
2021,Group E,12/05/2021,Sporting Cristal,Racing Club,0,2
2021,Group G,12/05/2021,Unión La Calera,Flamengo,2,2
2021,Group B,7/05/2021,Always Ready,Deportivo Táchira,2,0
2021,Group D,7/05/2021,Junior FC,Fluminense FC,1,1
2021,Group D,7/05/2021,Santa Fe,River Plate,0,0
2021,Group F,7/05/2021,Atlético Nacional,Argentinos Juniors,0,2
2021,Group H,7/05/2021,Deportivo La Guaira FC,América de Cali,0,0
2021,Group A,6/05/2021,Independiente,Universitario de Deportes,4,0
2021,Group B,6/05/2021,Internacional,Olimpia,6,1
2021,Group E,6/05/2021,Racing Club,São Paulo,0,0
2021,Group E,6/05/2021,Rentistas,Sporting Cristal,0,0
2021,Group F,6/05/2021,Universidad Católica,Nacional,3,1
2021,Group A,5/05/2021,Defensa y Justicia,Palmeiras,1,2
2021,Group C,5/05/2021,Barcelona SC,Boca Juniors,1,0
2021,Group C,5/05/2021,Santos FC,The Strongest,5,0
2021,Group G,5/05/2021,LDU de Quito,Flamengo,2,3
2021,Group G,5/05/2021,Unión La Calera,Vélez Sarsfield,0,2
2021,Group H,5/05/2021,Atlético Mineiro,Cerro Porteño,4,0
2021,Group E,30/04/2021,São Paulo,Rentistas,2,0
2021,Group E,30/04/2021,Racing Club,Sporting Cristal,2,1
2021,Group F,30/04/2021,Universidad Católica,Argentinos Juniors,0,2
2021,Group A,29/04/2021,Defensa y Justicia,Universitario de Deportes,3,0
2021,Group B,29/04/2021,Olimpia,Always Ready,2,1
2021,Group C,29/04/2021,Barcelona SC,The Strongest,4,0
2021,Group D,29/04/2021,River Plate,Junior FC,2,1
2021,Group D,29/04/2021,Santa Fe,Fluminense FC,1,2
2021,Group F,29/04/2021,Nacional,Atlético Nacional,4,4
2021,Group H,29/04/2021,Cerro Porteño,Deportivo La Guaira FC,0,0
2021,Group A,28/04/2021,Palmeiras,Independiente,5,0
2021,Group B,28/04/2021,Internacional,Deportivo Táchira,4,0
2021,Group C,28/04/2021,Boca Juniors,Santos FC,2,0
2021,Group G,28/04/2021,Flamengo,Unión La Calera,4,1
2021,Group G,28/04/2021,LDU de Quito,Vélez Sarsfield,3,1
2021,Group H,28/04/2021,Atlético Mineiro,América de Cali,2,1
2021,Group D,23/04/2021,Fluminense FC,River Plate,1,1
2021,Group D,23/04/2021,Junior FC,Santa Fe,1,1
2021,Group F,23/04/2021,Atlético Nacional,Universidad Católica,2,0
2021,Group A,22/04/2021,Independiente,Defensa y Justicia,1,1
2021,Group A,22/04/2021,Universitario de Deportes,Palmeiras,2,3
2021,Group C,22/04/2021,The Strongest,Boca Juniors,0,1
2021,Group E,22/04/2021,Rentistas,Racing Club,1,1
2021,Group G,22/04/2021,Unión La Calera,LDU de Quito,2,2
2021,Group H,22/04/2021,Deportivo La Guaira FC,Atlético Mineiro,1,1
2021,Group H,22/04/2021,América de Cali,Cerro Porteño,0,2
2021,Group B,21/04/2021,Deportivo Táchira,Olimpia,3,2
2021,Group B,21/04/2021,Always Ready,Internacional,2,0
2021,Group C,21/04/2021,Santos FC,Barcelona SC,0,2
2021,Group E,21/04/2021,Sporting Cristal,São Paulo,0,3
2021,Group F,21/04/2021,Argentinos Juniors,Nacional,2,0
2021,Group G,21/04/2021,Vélez Sarsfield,Flamengo,2,3
2020,Final,30/01/2021,Palmeiras,Santos FC,1,0
2020,Semifinal,13/01/2021,Santos FC,Boca Juniors,3,0
2020,Semifinal,13/01/2021,Palmeiras,River Plate,0,2
2020,Semifinal,6/01/2021,Boca Juniors,Santos FC,0,0
2020,Semifinal,6/01/2021,River Plate,Palmeiras,0,3
2020,Quarterfinal,24/12/2020,Boca Juniors,Racing Club,2,0
2020,Quarterfinal,18/12/2020,Nacional,River Plate,2,6
2020,Quarterfinal,17/12/2020,Racing Club,Boca Juniors,1,0
2020,Quarterfinal,16/12/2020,Santos FC,Grêmio,4,1
2020,Quarterfinal,16/12/2020,Palmeiras,Libertad,3,0
2020,Quarterfinal,11/12/2020,River Plate,Nacional,2,0
2020,Quarterfinal,10/12/2020,Boca Juniors,Internacional,0,1
2020,Quarterfinal,9/12/2020,Grêmio,Santos FC,1,1
2020,Quarterfinal,9/12/2020,Libertad,Palmeiras,1,1
2020,Round of 16,4/12/2020,Grêmio,Guaraní,2,0
2020,Round of 16,3/12/2020,Internacional,Boca Juniors,0,1
2020,Round of 16,3/12/2020,Jorge Wilstermann,Libertad,0,2
2020,Round of 16,2/12/2020,Nacional,Independiente,0,0
2020,Round of 16,2/12/2020,Palmeiras,Delfin SC,5,0
2020,Round of 16,2/12/2020,Flamengo,Racing Club,1,1
2020,Round of 16,1/12/2020,River Plate,Atlético PR,1,0
2020,Round of 16,1/12/2020,Santos FC,LDU de Quito,0,1
2020,Round of 16,27/11/2020,Guaraní,Grêmio,0,2
2020,Round of 16,26/11/2020,Libertad,Jorge Wilstermann,3,1
2020,Round of 16,25/11/2020,Racing Club,Flamengo,1,1
2020,Round of 16,25/11/2020,Delfin SC,Palmeiras,1,3
2020,Round of 16,25/11/2020,Independiente,Nacional,0,0
2020,Round of 16,24/11/2020,Atlético PR,River Plate,1,1
2020,Round of 16,24/11/2020,LDU de Quito,Santos FC,1,2
2020,Group E,23/10/2020,Universidad Católica,Internacional,2,1
2020,Group E,23/10/2020,Grêmio,América de Cali,1,1
2020,Group H,23/10/2020,Boca Juniors,Caracas,3,0
2020,Group H,23/10/2020,Libertad,Independiente Medellín,2,4
2020,Group A,22/10/2020,Flamengo,Junior FC,3,1
2020,Group A,22/10/2020,Independiente,Barcelona SC,2,0
2020,Group B,22/10/2020,Bolívar,Guaraní,2,3
2020,Group B,22/10/2020,Palmeiras,Tigre,5,0
2020,Group C,21/10/2020,Peñarol,Atlético PR,3,2
2020,Group C,21/10/2020,Colo Colo,Jorge Wilstermann,0,1
2020,Group D,21/10/2020,River Plate,LDU de Quito,3,0
2020,Group D,21/10/2020,São Paulo,Deportivo Binacional,5,1
2020,Group F,21/10/2020,Nacional,Alianza Lima,2,0
2020,Group F,21/10/2020,Racing Club,Estudiantes de Mérida,2,1
2020,Group G,20/10/2020,Olimpia,Delfin SC,0,1
2020,Group G,20/10/2020,Santos FC,Defensa y Justicia,2,1
2020,Group B,2/10/2020,Tigre,Guaraní,1,3
2020,Group G,2/10/2020,Olimpia,Santos FC,2,3
2020,Group G,2/10/2020,Delfin SC,Defensa y Justicia,3,0
2020,Group A,1/10/2020,Junior FC,Barcelona SC,0,2
2020,Group A,1/10/2020,Flamengo,Independiente,4,0
2020,Group B,1/10/2020,Palmeiras,Bolívar,5,0
2020,Group D,1/10/2020,River Plate,São Paulo,2,1
2020,Group F,1/10/2020,Nacional,Racing Club,1,2
2020,Group F,1/10/2020,Alianza Lima,Estudiantes de Mérida,2,2
2020,Group H,1/10/2020,Caracas,Independiente Medellín,0,2
2020,Group C,30/09/2020,Atlético PR,Jorge Wilstermann,0,0
2020,Group C,30/09/2020,Peñarol,Colo Colo,3,0
2020,Group D,30/09/2020,LDU de Quito,Deportivo Binacional,4,0
2020,Group E,30/09/2020,Grêmio,Universidad Católica,2,0
2020,Group E,30/09/2020,América de Cali,Internacional,0,0
2020,Group H,30/09/2020,Boca Juniors,Libertad,0,0
2020,Group C,25/09/2020,Jorge Wilstermann,Peñarol,3,1
2020,Group G,25/09/2020,Delfin SC,Santos FC,1,2
2020,Group H,25/09/2020,Independiente Medellín,Boca Juniors,0,1
2020,Group B,24/09/2020,Guaraní,Palmeiras,0,0
2020,Group C,24/09/2020,Atlético PR,Colo Colo,2,0
2020,Group E,24/09/2020,América de Cali,Universidad Católica,1,1
2020,Group E,24/09/2020,Internacional,Grêmio,0,1
2020,Group F,24/09/2020,Alianza Lima,Racing Club,0,2
2020,Group G,24/09/2020,Defensa y Justicia,Olimpia,2,1
2020,Group H,24/09/2020,Caracas,Libertad,2,1
2020,Group A,23/09/2020,Junior FC,Independiente,4,1
2020,Group A,23/09/2020,Barcelona SC,Flamengo,1,2
2020,Group B,23/09/2020,Tigre,Bolívar,1,1
2020,Group D,23/09/2020,Deportivo Binacional,River Plate,0,6
2020,Group D,23/09/2020,LDU de Quito,São Paulo,4,2
2020,Group F,23/09/2020,Estudiantes de Mérida,Nacional,1,3
2020,Group A,18/09/2020,Barcelona SC,Junior FC,1,2
2020,Group A,18/09/2020,Independiente,Flamengo,5,0
2020,Group B,18/09/2020,Guaraní,Tigre,4,1
2020,Group D,18/09/2020,São Paulo,River Plate,2,2
2020,Group G,18/09/2020,Defensa y Justicia,Delfin SC,3,0
2020,Group H,18/09/2020,Libertad,Boca Juniors,0,2
2020,Group B,17/09/2020,Bolívar,Palmeiras,1,2
2020,Group E,17/09/2020,Universidad Católica,Grêmio,2,0
2020,Group E,17/09/2020,Internacional,América de Cali,4,3
2020,Group F,17/09/2020,Racing Club,Nacional,0,1
2020,Group F,17/09/2020,Estudiantes de Mérida,Alianza Lima,3,2
2020,Group H,17/09/2020,Independiente Medellín,Caracas,2,3
2020,Group C,16/09/2020,Colo Colo,Peñarol,2,1
2020,Group C,16/09/2020,Jorge Wilstermann,Atlético PR,2,3
2020,Group D,16/09/2020,Deportivo Binacional,LDU de Quito,0,1
2020,Group G,16/09/2020,Santos FC,Olimpia,0,0
2020,Group E,13/03/2020,Grêmio,Internacional,0,0
2020,Group F,13/03/2020,Racing Club,Alianza Lima,1,0
2020,Group A,12/03/2020,Independiente,Junior FC,3,0
2020,Group A,12/03/2020,Flamengo,Barcelona SC,3,0
2020,Group D,12/03/2020,São Paulo,LDU de Quito,3,0
2020,Group F,12/03/2020,Nacional,Estudiantes de Mérida,1,0
2020,Group G,12/03/2020,Olimpia,Defensa y Justicia,2,1
2020,Group B,11/03/2020,Palmeiras,Guarani FC,3,1
2020,Group C,11/03/2020,Peñarol,Jorge Wilstermann,1,0
2020,Group C,11/03/2020,Colo Colo,Atlético PR,1,0
2020,Group D,11/03/2020,River Plate,Deportivo Binacional,8,0
2020,Group H,11/03/2020,Boca Juniors,Independiente Medellín,3,0
2020,Group H,11/03/2020,Libertad,Caracas,3,2
2020,Group B,10/03/2020,Bolívar,Tigre,2,0
2020,Group E,10/03/2020,Universidad Católica,América de Cali,1,2
2020,Group G,10/03/2020,Santos FC,Delfin SC,1,0
2020,Group D,6/03/2020,Deportivo Binacional,São Paulo,2,1
2020,Group F,6/03/2020,Alianza Lima,Nacional,0,1
2020,Group A,5/03/2020,Junior FC,Flamengo,1,2
2020,Group B,5/03/2020,Guarani FC,Bolívar,2,0
2020,Group D,5/03/2020,LDU de Quito,River Plate,3,0
2020,Group F,5/03/2020,Estudiantes de Mérida,Racing Club,1,2
2020,Group G,5/03/2020,Delfin SC,Olimpia,1,1
2020,Group A,4/03/2020,Barcelona SC,Independiente,0,3
2020,Group B,4/03/2020,Tigre,Palmeiras,0,2
2020,Group C,4/03/2020,Jorge Wilstermann,Colo Colo,2,0
2020,Group C,4/03/2020,Atlético PR,Peñarol,1,0
2020,Group E,4/03/2020,América de Cali,Grêmio,0,2
2020,Group H,4/03/2020,Caracas,Boca Juniors,1,1
2020,Group H,4/03/2020,Independiente Medellín,Libertad,1,2
2020,Group E,3/03/2020,Internacional,Universidad Católica,3,0
2020,Group G,3/03/2020,Defensa y Justicia,Santos FC,1,2
2020,Qualifying Match,27/02/2020,Guarani FC,Palestino,2,1
2020,Qualifying Match,27/02/2020,Internacional,Tolima,1,0
2020,Qualifying Match,26/02/2020,Cerro Porteño,Barcelona SC,0,4
2020,Qualifying Match,26/02/2020,Atlético Tucumán,Independiente Medellín,1,0
2019,Final,23/11/2019,River Plate,Flamengo,1,2
2019,Semifinal,24/10/2019,Flamengo,Grêmio,5,0
2019,Semifinal,23/10/2019,Boca Juniors,River Plate,1,0
2019,Semifinal,3/10/2019,Grêmio,Flamengo,1,1
2019,Semifinal,2/10/2019,River Plate,Boca Juniors,2,0
2019,Quarterfinal,30/08/2019,Cerro Porteño,River Plate,1,1
2019,Quarterfinal,29/08/2019,Internacional,Flamengo,1,1
2019,Quarterfinal,29/08/2019,Boca Juniors,LDU de Quito,0,0
2019,Quarterfinal,28/08/2019,Palmeiras,Grêmio,1,2
2019,Quarterfinal,23/08/2019,River Plate,Cerro Porteño,2,0
2019,Quarterfinal,22/08/2019,Flamengo,Internacional,2,0
2019,Quarterfinal,22/08/2019,LDU de Quito,Boca Juniors,0,3
2019,Quarterfinal,21/08/2019,Grêmio,Palmeiras,0,1
2019,Round of 16,2/08/2019,Libertad,Grêmio,0,3
2019,Round of 16,1/08/2019,Boca Juniors,Atlético PR,2,0
2019,Round of 16,1/08/2019,Internacional,Nacional,2,0
2019,Round of 16,1/08/2019,Cerro Porteño,San Lorenzo de Almagro,2,1
2019,Round of 16,1/08/2019,Flamengo,Emelec,2,0
2019,Round of 16,31/07/2019,Cruzeiro,River Plate,0,0
2019,Round of 16,31/07/2019,Olimpia,LDU de Quito,1,1
2019,Round of 16,31/07/2019,Palmeiras,Godoy Cruz Antonio Tomba,4,0
2019,Round of 16,26/07/2019,Grêmio,Libertad,2,0
2019,Round of 16,25/07/2019,Atlético PR,Boca Juniors,0,1
2019,Round of 16,25/07/2019,Nacional,Internacional,0,1
2019,Round of 16,25/07/2019,San Lorenzo de Almagro,Cerro Porteño,0,0
2019,Round of 16,25/07/2019,Emelec,Flamengo,2,0
2019,Round of 16,24/07/2019,River Plate,Cruzeiro,0,0
2019,Round of 16,24/07/2019,Godoy Cruz Antonio Tomba,Palmeiras,2,2
2019,Round of 16,24/07/2019,LDU de Quito,Olimpia,3,1
2019,Group C,10/05/2019,Olimpia,Sporting Cristal,0,1
2019,Group C,10/05/2019,Godoy Cruz Antonio Tomba,Universidad Concepción,1,0
2019,Group G,10/05/2019,Jorge Wilstermann,Tolima,0,2
2019,Group G,10/05/2019,Boca Juniors,Atlético PR,2,1
2019,Group B,9/05/2019,Huracán,Deportivo Lara,3,0
2019,Group B,9/05/2019,Cruzeiro,Emelec,1,2
2019,Group D,9/05/2019,LDU de Quito,San José,4,0
2019,Group D,9/05/2019,Peñarol,Flamengo,0,0
2019,Group F,9/05/2019,Palmeiras,San Lorenzo de Almagro,1,0
2019,Group F,9/05/2019,Junior FC,FBC Melgar,0,1
2019,Group H,9/05/2019,Rosario Central,Libertad,2,1
2019,Group H,9/05/2019,Grêmio,Universidad Católica,2,0
2019,Group A,8/05/2019,River Plate,Internacional,2,2
2019,Group A,8/05/2019,Alianza Lima,Palestino,1,2
2019,Group E,8/05/2019,Zamora FC,Atlético Mineiro,1,2
2019,Group E,8/05/2019,Nacional,Cerro Porteño,1,1
2019,Group F,26/04/2019,FBC Melgar,Palmeiras,0,4
2019,Group F,26/04/2019,Junior FC,San Lorenzo de Almagro,1,0
2019,Group A,25/04/2019,Palestino,River Plate,0,2
2019,Group A,25/04/2019,Alianza Lima,Internacional,0,1
2019,Group D,25/04/2019,LDU de Quito,Flamengo,2,1
2019,Group D,25/04/2019,San José,Peñarol,3,1
2019,Group E,25/04/2019,Zamora FC,Cerro Porteño,2,1
2019,Group G,25/04/2019,Tolima,Boca Juniors,2,2
2019,Group G,25/04/2019,Jorge Wilstermann,Atlético PR,3,2
2019,Group H,25/04/2019,Rosario Central,Universidad Católica,1,1
2019,Group B,24/04/2019,Huracán,Emelec,1,2
2019,Group C,24/04/2019,Godoy Cruz Antonio Tomba,Sporting Cristal,2,0
2019,Group C,24/04/2019,Universidad Concepción,Olimpia,3,3
2019,Group E,24/04/2019,Atlético Mineiro,Nacional,0,1
2019,Group H,24/04/2019,Libertad,Grêmio,0,2
2019,Group B,23/04/2019,Deportivo Lara,Cruzeiro,0,2
2019,Group A,12/04/2019,River Plate,Alianza Lima,3,0
2019,Group B,12/04/2019,Emelec,Deportivo Lara,2,2
2019,Group D,12/04/2019,Flamengo,San José,6,1
2019,Group B,11/04/2019,Cruzeiro,Huracán,4,0
2019,Group C,11/04/2019,Sporting Cristal,Universidad Concepción,2,0
2019,Group E,11/04/2019,Nacional,Zamora FC,1,0
2019,Group E,11/04/2019,Cerro Porteño,Atlético Mineiro,4,1
2019,Group F,11/04/2019,Palmeiras,Junior FC,3,0
2019,Group G,11/04/2019,Boca Juniors,Jorge Wilstermann,4,0
2019,Group H,11/04/2019,Universidad Católica,Libertad,2,3
2019,Group H,11/04/2019,Grêmio,Rosario Central,3,1
2019,Group A,10/04/2019,Internacional,Palestino,3,2
2019,Group C,10/04/2019,Olimpia,Godoy Cruz Antonio Tomba,2,1
2019,Group D,10/04/2019,Peñarol,LDU de Quito,1,0
2019,Group F,10/04/2019,San Lorenzo de Almagro,FBC Melgar,2,0
2019,Group G,10/04/2019,Atlético PR,Tolima,1,0
2019,Group C,5/04/2019,Sporting Cristal,Olimpia,0,3
2019,Group H,5/04/2019,Universidad Católica,Grêmio,1,0
2019,Group H,5/04/2019,Libertad,Rosario Central,2,0
2019,Group A,4/04/2019,Internacional,River Plate,2,2
2019,Group B,4/04/2019,Emelec,Cruzeiro,0,1
2019,Group B,4/04/2019,Deportivo Lara,Huracán,2,1
2019,Group C,4/04/2019,Universidad Concepción,Godoy Cruz Antonio Tomba,0,0
2019,Group D,4/04/2019,Flamengo,Peñarol,0,1
2019,Group E,4/04/2019,Atlético Mineiro,Zamora FC,3,2
2019,Group G,4/04/2019,Tolima,Jorge Wilstermann,2,2
2019,Group A,3/04/2019,Palestino,Alianza Lima,3,0
2019,Group D,3/04/2019,San José,LDU de Quito,3,3
2019,Group E,3/04/2019,Cerro Porteño,Nacional,1,0
2019,Group F,3/04/2019,FBC Melgar,Junior FC,1,0
2019,Group F,3/04/2019,San Lorenzo de Almagro,Palmeiras,1,0
2019,Group G,3/04/2019,Atlético PR,Boca Juniors,3,0
2019,Group B,28/03/2019,Cruzeiro,Deportivo Lara,2,0
2019,Group B,15/03/2019,Emelec,Huracán,0,0
2019,Group G,15/03/2019,Atlético PR,Jorge Wilstermann,4,0
2019,Group A,14/03/2019,Internacional,Alianza Lima,2,0
2019,Group A,14/03/2019,River Plate,Palestino,0,0
2019,Group D,14/03/2019,Flamengo,LDU de Quito,3,1
2019,Group D,14/03/2019,Peñarol,San José,4,0
2019,Group H,14/03/2019,Universidad Católica,Rosario Central,2,1
2019,Group C,13/03/2019,Sporting Cristal,Godoy Cruz Antonio Tomba,1,1
2019,Group E,13/03/2019,Cerro Porteño,Zamora FC,2,1
2019,Group E,13/03/2019,Nacional,Atlético Mineiro,1,0
2019,Group F,13/03/2019,San Lorenzo de Almagro,Junior FC,1,0
2019,Group H,13/03/2019,Grêmio,Libertad,0,1
2019,Group C,12/03/2019,Olimpia,Universidad Concepción,1,1
2019,Group F,12/03/2019,Palmeiras,FBC Melgar,3,0
2019,Group G,12/03/2019,Boca Juniors,Tolima,3,0
2019,Group B,8/03/2019,Deportivo Lara,Emelec,0,0
2019,Group D,8/03/2019,LDU de Quito,Peñarol,2,0
2019,Group A,7/03/2019,Alianza Lima,River Plate,1,1
2019,Group B,7/03/2019,Huracán,Cruzeiro,0,1
2019,Group E,7/03/2019,Zamora FC,Nacional,0,1
2019,Group F,7/03/2019,Junior FC,Palmeiras,0,2
2019,Group H,7/03/2019,Rosario Central,Grêmio,1,1
2019,Group A,6/03/2019,Palestino,Internacional,0,1
2019,Group C,6/03/2019,Universidad Concepción,Sporting Cristal,5,4
2019,Group E,6/03/2019,Atlético Mineiro,Cerro Porteño,0,1
2019,Group G,6/03/2019,Tolima,Atlético PR,1,0
2019,Group G,6/03/2019,Jorge Wilstermann,Boca Juniors,0,0
2019,Group H,6/03/2019,Libertad,Universidad Católica,4,1
2019,Group C,5/03/2019,Godoy Cruz Antonio Tomba,Olimpia,0,0
2019,Group D,5/03/2019,San José,Flamengo,0,1
2019,Group F,5/03/2019,FBC Melgar,San Lorenzo de Almagro,0,0
2018,Final,9/12/2018,River Plate,Boca Juniors,3,1
2018,Final,11/11/2018,Boca Juniors,River Plate,2,2
2018,Semifinal,1/11/2018,Palmeiras,Boca Juniors,2,2
2018,Semifinal,31/10/2018,Grêmio,River Plate,1,2
2018,Semifinal,25/10/2018,Boca Juniors,Palmeiras,2,0
2018,Semifinal,24/10/2018,River Plate,Grêmio,0,1
2018,Quarterfinal,5/10/2018,Cruzeiro,Boca Juniors,1,1
2018,Quarterfinal,4/10/2018,Palmeiras,Colo Colo,2,0
2018,Quarterfinal,3/10/2018,River Plate,Independiente,3,1
2018,Quarterfinal,3/10/2018,Grêmio,Atlético Tucumán,4,0
2018,Quarterfinal,21/09/2018,Colo Colo,Palmeiras,0,2
2018,Quarterfinal,20/09/2018,Independiente,River Plate,0,0
2018,Quarterfinal,20/09/2018,Boca Juniors,Cruzeiro,2,0
2018,Quarterfinal,19/09/2018,Atlético Tucumán,Grêmio,0,2
2018,Round of 16,31/08/2018,Libertad,Boca Juniors,2,4
2018,Round of 16,31/08/2018,Palmeiras,Cerro Porteño,0,1
2018,Round of 16,30/08/2018,Corinthians,Colo Colo,2,1
2018,Round of 16,30/08/2018,Cruzeiro,Flamengo,0,1
2018,Round of 16,30/08/2018,River Plate,Racing Club,3,0
2018,Round of 16,29/08/2018,Atlético Nacional,Atlético Tucumán,1,0
2018,Round of 16,29/08/2018,Grêmio,Estudiantes de la Plata,2,1
2018,Round of 16,29/08/2018,Santos FC,Independiente,0,0
2018,Round of 16,22/08/2018,Independiente,Santos FC,3,0
2018,Round of 16,10/08/2018,Atlético Tucumán,Atlético Nacional,2,0
2018,Round of 16,10/08/2018,Racing Club,River Plate,0,0
2018,Round of 16,10/08/2018,Cerro Porteño,Palmeiras,0,2
2018,Round of 16,9/08/2018,Boca Juniors,Libertad,2,0
2018,Round of 16,9/08/2018,Colo Colo,Corinthians,1,0
2018,Round of 16,9/08/2018,Flamengo,Cruzeiro,0,2
2018,Round of 16,8/08/2018,Estudiantes de la Plata,Grêmio,2,1
2018,Group B,25/05/2018,Atlético Nacional,Colo Colo,0,0
2018,Group B,25/05/2018,Bolívar,Delfin SC,2,1
2018,Group F,25/05/2018,Santos FC,Cusco FC,0,0
2018,Group F,25/05/2018,Estudiantes de la Plata,Nacional,3,1
2018,Group G,25/05/2018,Independiente,Deportivo Lara,2,0
2018,Group G,25/05/2018,Corinthians,Millonarios,0,1
2018,Group A,24/05/2018,Cerro Porteño,Monagas SC,3,2
2018,Group A,24/05/2018,Grêmio,Defensor Sporting,1,0
2018,Group D,24/05/2018,River Plate,Flamengo,0,0
2018,Group D,24/05/2018,Emelec,Santa Fe,0,3
2018,Group E,23/05/2018,Cruzeiro,Racing Club,2,1
2018,Group E,23/05/2018,Universidad de Chile,Stellenbosch FC,0,2
2018,Group C,18/05/2018,Peñarol,The Strongest,2,0
2018,Group C,18/05/2018,Libertad,Atlético Tucumán,0,0
2018,Group G,18/05/2018,Millonarios,Independiente,1,1
2018,Group G,18/05/2018,Deportivo Lara,Corinthians,2,7
2018,Group D,17/05/2018,Flamengo,Emelec,2,0
2018,Group H,17/05/2018,Boca Juniors,Alianza Lima,5,0
2018,Group H,17/05/2018,Palmeiras,Junior FC,3,1
2018,Group A,16/05/2018,Defensor Sporting,Cerro Porteño,0,1
2018,Group A,16/05/2018,Monagas SC,Grêmio,1,2
2018,Group B,16/05/2018,Delfin SC,Atlético Nacional,1,0
2018,Group B,16/05/2018,Colo Colo,Bolívar,2,0
2018,Group C,4/05/2018,The Strongest,Libertad,1,3
2018,Group D,4/05/2018,Santa Fe,River Plate,0,1
2018,Group E,4/05/2018,Racing Club,Universidad de Chile,1,0
2018,Group H,4/05/2018,Alianza Lima,Palmeiras,1,3
2018,Group B,3/05/2018,Delfin SC,Colo Colo,1,2
2018,Group C,3/05/2018,Atlético Tucumán,Peñarol,1,0
2018,Group E,3/05/2018,Stellenbosch FC,Cruzeiro,0,4
2018,Group G,3/05/2018,Corinthians,Independiente,1,2
2018,Group H,3/05/2018,Junior FC,Boca Juniors,1,1
2018,Group A,2/05/2018,Grêmio,Cerro Porteño,5,0
2018,Group F,2/05/2018,Nacional,Santos FC,1,0
2018,Group F,2/05/2018,Cusco FC,Estudiantes de la Plata,0,0
2018,Group C,27/04/2018,Peñarol,Libertad,2,0
2018,Group D,27/04/2018,River Plate,Emelec,2,1
2018,Group E,27/04/2018,Stellenbosch FC,Racing Club,1,1
2018,Group E,27/04/2018,Cruzeiro,Universidad de Chile,7,0
2018,Group H,27/04/2018,Junior FC,Alianza Lima,1,0
2018,Group A,26/04/2018,Monagas SC,Defensor Sporting,1,0
2018,Group C,26/04/2018,Atlético Tucumán,The Strongest,3,0
2018,Group D,26/04/2018,Santa Fe,Flamengo,0,0
2018,Group F,26/04/2018,Nacional,Cusco FC,4,0
2018,Group H,26/04/2018,Boca Juniors,Palmeiras,0,2
2018,Group B,25/04/2018,Atlético Nacional,Bolívar,4,1
2018,Group F,25/04/2018,Santos FC,Estudiantes de la Plata,2,0
2018,Group G,25/04/2018,Deportivo Lara,Millonarios,2,1
2018,Group D,20/04/2018,Emelec,River Plate,0,1
2018,Group E,20/04/2018,Racing Club,Stellenbosch FC,4,0
2018,Group E,20/04/2018,Universidad de Chile,Cruzeiro,0,0
2018,Group H,20/04/2018,Alianza Lima,Junior FC,0,2
2018,Group C,19/04/2018,Libertad,Peñarol,2,1
2018,Group C,19/04/2018,The Strongest,Atlético Tucumán,1,2
2018,Group D,19/04/2018,Flamengo,Santa Fe,1,1
2018,Group G,19/04/2018,Independiente,Corinthians,0,1
2018,Group A,18/04/2018,Cerro Porteño,Grêmio,0,0
2018,Group A,18/04/2018,Defensor Sporting,Monagas SC,3,1
2018,Group G,18/04/2018,Millonarios,Deportivo Lara,4,0
2018,Group H,12/04/2018,Palmeiras,Boca Juniors,1,1
2018,Group B,6/04/2018,Bolívar,Atlético Nacional,1,0
2018,Group B,6/04/2018,Colo Colo,Delfin SC,0,2
2018,Group D,6/04/2018,River Plate,Santa Fe,0,0
2018,Group F,6/04/2018,Estudiantes de la Plata,Santos FC,0,1
2018,Group A,5/04/2018,Grêmio,Monagas SC,4,0
2018,Group C,5/04/2018,Peñarol,Atlético Tucumán,3,1
2018,Group E,5/04/2018,Cruzeiro,Stellenbosch FC,0,0
2018,Group H,5/04/2018,Boca Juniors,Junior FC,1,0
2018,Group C,4/04/2018,Libertad,The Strongest,3,0
2018,Group E,4/04/2018,Universidad de Chile,Racing Club,1,1
2018,Group F,4/04/2018,Cusco FC,Nacional,0,0
2018,Group H,4/04/2018,Palmeiras,Alianza Lima,2,0
2018,Group G,16/03/2018,Independiente,Millonarios,1,0
2018,Group B,15/03/2018,Atlético Nacional,Delfin SC,4,0
2018,Group C,15/03/2018,The Strongest,Peñarol,1,0
2018,Group D,15/03/2018,Emelec,Flamengo,1,2
2018,Group F,15/03/2018,Santos FC,Nacional,3,1
2018,Group G,15/03/2018,Corinthians,Deportivo Lara,2,0
2018,Group A,14/03/2018,Cerro Porteño,Defensor Sporting,2,1
2018,Group B,14/03/2018,Bolívar,Colo Colo,1,1
2018,Group E,14/03/2018,Stellenbosch FC,Universidad de Chile,0,1
2018,Group F,14/03/2018,Estudiantes de la Plata,Cusco FC,3,0
2018,Group C,13/03/2018,Atlético Tucumán,Libertad,0,2
2018,Group H,2/03/2018,Alianza Lima,Boca Juniors,0,0
2018,Group H,2/03/2018,Junior FC,Palmeiras,0,3
2018,Group B,1/03/2018,Delfin SC,Bolívar,1,1
2018,Group D,1/03/2018,Flamengo,River Plate,2,2
2018,Group D,1/03/2018,Santa Fe,Emelec,1,1
2018,Group F,1/03/2018,Cusco FC,Santos FC,2,0
2018,Group G,1/03/2018,Deportivo Lara,Independiente,1,0
2018,Group G,1/03/2018,Millonarios,Corinthians,0,0
2018,Group B,28/02/2018,Colo Colo,Atlético Nacional,0,1
2018,Group E,28/02/2018,Racing Club,Cruzeiro,4,2
2018,Group F,28/02/2018,Nacional,Estudiantes de la Plata,0,0
2018,Group A,27/02/2018,Defensor Sporting,Grêmio,1,1
2018,Group A,27/02/2018,Monagas SC,Cerro Porteño,0,2
2017,Final,30/11/2017,Lanús,Grêmio,1,2
2017,Final,23/11/2017,Grêmio,Lanús,1,0
2017,Semifinal,2/11/2017,Grêmio,Barcelona SC,0,1
2017,Semifinal,1/11/2017,Lanús,River Plate,4,2
2017,Semifinal,26/10/2017,Barcelona SC,Grêmio,0,3
2017,Semifinal,24/10/2017,River Plate,Lanús,1,0
2017,Quarterfinal,22/09/2017,River Plate,Jorge Wilstermann,8,0
2017,Quarterfinal,22/09/2017,Lanús,San Lorenzo de Almagro,2,0
2017,Quarterfinal,21/09/2017,Santos FC,Barcelona SC,0,1
2017,Quarterfinal,21/09/2017,Grêmio,Botafogo FR,1,0
2017,Quarterfinal,15/09/2017,Jorge Wilstermann,River Plate,3,0
2017,Quarterfinal,14/09/2017,Barcelona SC,Santos FC,1,1
2017,Quarterfinal,14/09/2017,Botafogo FR,Grêmio,0,0
2017,Quarterfinal,14/09/2017,San Lorenzo de Almagro,Lanús,2,0
2017,Round of 16,11/08/2017,Botafogo FR,Nacional,2,0
2017,Round of 16,11/08/2017,Santos FC,Atlético PR,1,0
2017,Round of 16,11/08/2017,San Lorenzo de Almagro,Emelec,0,1
2017,Round of 16,10/08/2017,Grêmio,Godoy Cruz Antonio Tomba,2,1
2017,Round of 16,10/08/2017,Atlético Mineiro,Jorge Wilstermann,0,0
2017,Round of 16,10/08/2017,Palmeiras,Barcelona SC,1,0
2017,Round of 16,9/08/2017,River Plate,Guaraní,1,1
2017,Round of 16,9/08/2017,Lanús,The Strongest,1,0
2017,Round of 16,7/07/2017,Emelec,San Lorenzo de Almagro,0,1
2017,Round of 16,7/07/2017,Nacional,Botafogo FR,0,1
2017,Round of 16,7/07/2017,The Strongest,Lanús,1,1
2017,Round of 16,6/07/2017,Atlético PR,Santos FC,2,3
2017,Round of 16,6/07/2017,Barcelona SC,Palmeiras,1,0
2017,Round of 16,6/07/2017,Jorge Wilstermann,Atlético Mineiro,1,0
2017,Round of 16,5/07/2017,Godoy Cruz Antonio Tomba,Grêmio,0,1
2017,Round of 16,5/07/2017,Guaraní,River Plate,0,2
2017,Group A,26/05/2017,Atlético Nacional,Barcelona SC,3,1
2017,Group A,26/05/2017,Estudiantes de la Plata,Botafogo FR,1,0
2017,Group C,26/05/2017,Emelec,FBC Melgar,3,0
2017,Group C,26/05/2017,River Plate,Independiente Medellín,1,2
2017,Group H,26/05/2017,Grêmio,Zamora FC,4,0
2017,Group H,26/05/2017,Guaraní,Deportes Iquique,0,0
2017,Group E,25/05/2017,Palmeiras,Atlético Tucumán,3,1
2017,Group E,25/05/2017,Peñarol,Jorge Wilstermann,2,0
2017,Group B,24/05/2017,Santos FC,Sporting Cristal,4,0
2017,Group B,24/05/2017,Santa Fe,The Strongest,1,1
2017,Group G,24/05/2017,Chapecoense AF,Zulia,2,1
2017,Group G,24/05/2017,Nacional,Lanús,0,1
2017,Group A,19/05/2017,Botafogo FR,Atlético Nacional,1,0
2017,Group A,19/05/2017,Barcelona SC,Estudiantes de la Plata,0,3
2017,Group C,19/05/2017,FBC Melgar,River Plate,2,3
2017,Group B,18/05/2017,The Strongest,Santos FC,1,1
2017,Group B,18/05/2017,Sporting Cristal,Santa Fe,0,2
2017,Group D,18/05/2017,Universidad Católica,Atlético PR,2,3
2017,Group D,18/05/2017,San Lorenzo de Almagro,Flamengo,2,1
2017,Group G,18/05/2017,Lanús,Chapecoense AF,1,2
2017,Group C,17/05/2017,Independiente Medellín,Emelec,1,2
2017,Group F,17/05/2017,Atlético Mineiro,Godoy Cruz Antonio Tomba,4,1
2017,Group F,17/05/2017,Libertad,Sport Boys Warnes,1,1
2017,Group G,17/05/2017,Zulia,Nacional,0,0
2017,Group C,11/05/2017,River Plate,Emelec,1,1
2017,Group B,5/05/2017,Santos FC,Santa Fe,3,2
2017,Group B,5/05/2017,The Strongest,Sporting Cristal,5,1
2017,Group F,5/05/2017,Godoy Cruz Antonio Tomba,Libertad,1,1
2017,Group H,5/05/2017,Zamora FC,Guaraní,1,3
2017,Group D,4/05/2017,Atlético PR,San Lorenzo de Almagro,0,3
2017,Group D,4/05/2017,Flamengo,Universidad Católica,3,1
2017,Group E,4/05/2017,Jorge Wilstermann,Palmeiras,3,2
2017,Group F,4/05/2017,Sport Boys Warnes,Atlético Mineiro,1,5
2017,Group H,4/05/2017,Deportes Iquique,Grêmio,2,1
2017,Group A,3/05/2017,Atlético Nacional,Estudiantes de la Plata,4,1
2017,Group A,3/05/2017,Botafogo FR,Barcelona SC,0,2
2017,Group E,3/05/2017,Atlético Tucumán,Peñarol,2,1
2017,Group C,28/04/2017,Emelec,River Plate,1,2
2017,Final,28/04/2017,Sport Boys Warnes,Godoy Cruz Antonio Tomba,1,3
2017,Group G,28/04/2017,Nacional,Chapecoense AF,3,0
2017,Group G,28/04/2017,Zulia,Lanús,1,1
2017,Group H,28/04/2017,Grêmio,Guaraní,4,1
2017,Group C,27/04/2017,FBC Melgar,Independiente Medellín,1,2
2017,Group D,27/04/2017,Atlético PR,Flamengo,2,1
2017,Group E,27/04/2017,Peñarol,Palmeiras,2,3
2017,Final,27/04/2017,Atlético Mineiro,Libertad,2,0
2017,Group D,26/04/2017,San Lorenzo de Almagro,Universidad Católica,2,1
2017,Group E,26/04/2017,Atlético Tucumán,Jorge Wilstermann,2,1
2017,Group H,25/04/2017,Deportes Iquique,Zamora FC,4,3
2017,Group A,21/04/2017,Barcelona SC,Botafogo FR,1,1
2017,Group C,21/04/2017,Independiente Medellín,FBC Melgar,2,0
2017,Group F,21/04/2017,Godoy Cruz Antonio Tomba,Sport Boys Warnes,2,0
2017,Group H,21/04/2017,Guaraní,Grêmio,1,1
2017,Group A,20/04/2017,Estudiantes de la Plata,Atlético Nacional,1,0
2017,Group B,20/04/2017,Santa Fe,Santos FC,0,0
2017,Group F,20/04/2017,Libertad,Atlético Mineiro,1,0
2017,Group H,20/04/2017,Zamora FC,Deportes Iquique,1,4
2017,Group B,19/04/2017,Sporting Cristal,The Strongest,0,0
2017,Group G,19/04/2017,Chapecoense AF,Nacional,1,1
2017,Group G,19/04/2017,Lanús,Zulia,5,0
2017,Group A,14/04/2017,Atlético Nacional,Botafogo FR,0,2
2017,Group C,14/04/2017,River Plate,FBC Melgar,4,2
2017,Group C,14/04/2017,Emelec,Independiente Medellín,1,0
2017,Group D,14/04/2017,Atlético Mineiro,Sport Boys Warnes,5,2
2017,Group D,13/04/2017,Universidad Católica,San Lorenzo de Almagro,1,1
2017,Group D,13/04/2017,Flamengo,Atlético PR,2,1
2017,Group E,13/04/2017,Palmeiras,Peñarol,3,2
2017,Group H,13/04/2017,Guaraní,Zamora FC,3,1
2017,Group A,12/04/2017,Estudiantes de la Plata,Barcelona SC,0,2
2017,Group D,12/04/2017,Libertad,Godoy Cruz Antonio Tomba,1,2
2017,Group E,12/04/2017,Jorge Wilstermann,Atlético Tucumán,2,1
2017,Group H,12/04/2017,Grêmio,Deportes Iquique,3,2
2017,Group B,17/03/2017,Santos FC,The Strongest,2,0
2017,Group B,17/03/2017,Santa Fe,Sporting Cristal,3,0
2017,Group E,17/03/2017,Peñarol,Atlético Tucumán,2,1
2017,Group C,16/03/2017,Independiente Medellín,River Plate,1,3
2017,Group D,16/03/2017,Universidad Católica,Flamengo,1,0
2017,Group E,16/03/2017,Palmeiras,Jorge Wilstermann,1,0
2017,Group G,16/03/2017,Chapecoense AF,Lanús,1,3
2017,Group A,15/03/2017,Barcelona SC,Atlético Nacional,2,1
2017,Group A,15/03/2017,Botafogo FR,Estudiantes de la Plata,2,1
2017,Group D,15/03/2017,San Lorenzo de Almagro,Atlético PR,0,1
2017,Group G,15/03/2017,Nacional,Zulia,0,1
2017,Group C,14/03/2017,FBC Melgar,Emelec,1,0
2017,Group B,10/03/2017,Sporting Cristal,Santos FC,1,1
2017,Group B,10/03/2017,The Strongest,Santa Fe,2,0
2017,Group G,10/03/2017,Lanús,Nacional,0,1
2017,Group D,9/03/2017,Flamengo,San Lorenzo de Almagro,4,0
2017,Group E,9/03/2017,Atlético Tucumán,Palmeiras,1,1
2017,Group H,9/03/2017,Zamora FC,Grêmio,0,2
2017,Group D,8/03/2017,Atlético PR,Universidad Católica,2,2
2017,Group F,8/03/2017,Godoy Cruz Antonio Tomba,Atlético Mineiro,1,1
2017,Group F,8/03/2017,Sport Boys Warnes,Libertad,3,3
2017,Group G,8/03/2017,Zulia,Chapecoense AF,1,2
2017,Group E,7/03/2017,Jorge Wilstermann,Peñarol,6,2
2017,Group H,7/03/2017,Deportes Iquique,Guaraní,0,1
2017,Qualifying Match,24/02/2017,The Strongest,Unión Española,5,0
2017,Qualifying Match,23/02/2017,Deportivo Capiatá,Atlético PR,0,1
2017,Qualifying Match,23/02/2017,Olimpia,Botafogo FR,1,0
2017,Qualifying Match,23/02/2017,Atlético Tucumán,Junior FC,3,1
2017,Qualifying Match,17/02/2017,Unión Española,The Strongest,1,1
2017,Qualifying Match,16/02/2017,Botafogo FR,Olimpia,1,0
2017,Qualifying Match,16/02/2017,Junior FC,Atlético Tucumán,1,0
2017,Qualifying Match,16/02/2017,Atlético PR,Deportivo Capiatá,3,3
2016,Final,28/07/2016,Atlético Nacional,Independiente,1,0
2016,Final,21/07/2016,Independiente,Atlético Nacional,1,1
2016,Semifinal,15/07/2016,Boca Juniors,Independiente,2,3
2016,Semifinal,14/07/2016,Atlético Nacional,São Paulo,2,1
2016,Semifinal,8/07/2016,Independiente,Boca Juniors,2,1
2016,Semifinal,7/07/2016,São Paulo,Atlético Nacional,0,2
2016,Quarterfinal,25/05/2016,Pumas UNAM,Independiente,2,1
2016,Quarterfinal,20/05/2016,Boca Juniors,Nacional,1,1
2016,Quarterfinal,20/05/2016,Atlético Nacional,Rosario Central,3,1
2016,Quarterfinal,19/05/2016,Atlético Mineiro,São Paulo,2,1
2016,Quarterfinal,18/05/2016,Independiente,Pumas UNAM,2,1
2016,Quarterfinal,13/05/2016,Rosario Central,Atlético Nacional,1,0
2016,Quarterfinal,13/05/2016,Nacional,Boca Juniors,1,1
2016,Quarterfinal,12/05/2016,São Paulo,Atlético Mineiro,1,0
2016,Round of 16,6/05/2016,Boca Juniors,Cerro Porteño,3,1
2016,Round of 16,6/05/2016,Rosario Central,Grêmio,3,0
2016,Round of 16,5/05/2016,Atlético Mineiro,Racing Club,2,1
2016,Round of 16,5/05/2016,Corinthians,Nacional,2,2
2016,Round of 16,5/05/2016,River Plate,Independiente,1,0
2016,Round of 16,5/05/2016,Toluca FC,São Paulo,3,1
2016,Round of 16,4/05/2016,Atlético Nacional,Huracán,4,2
2016,Round of 16,4/05/2016,Pumas UNAM,Deportivo Táchira,2,0
2016,Round of 16,29/04/2016,Cerro Porteño,Boca Juniors,1,2
2016,Round of 16,29/04/2016,Independiente,River Plate,2,0
2016,Round of 16,29/04/2016,São Paulo,Toluca FC,4,0
2016,Round of 16,28/04/2016,Racing Club,Atlético Mineiro,0,0
2016,Round of 16,28/04/2016,Nacional,Corinthians,0,0
2016,Round of 16,28/04/2016,Grêmio,Rosario Central,0,1
2016,Round of 16,27/04/2016,Huracán,Atlético Nacional,0,0
2016,Round of 16,27/04/2016,Deportivo Táchira,Pumas UNAM,1,0
2016,Group A,22/04/2016,River Plate,Trujillanos FC,4,3
2016,Group A,22/04/2016,The Strongest,São Paulo,1,1
2016,Group C,21/04/2016,Bolívar,Racing Club,1,1
2016,Group C,21/04/2016,Boca Juniors,Deportivo Cali,6,2
2016,Group H,21/04/2016,Cerro Porteño,Santa Fe,1,0
2016,Group H,21/04/2016,Corinthians,Cobresal,6,0
2016,Group D,20/04/2016,Atlético Nacional,Huracán,0,0
2016,Group D,20/04/2016,Peñarol,Sporting Cristal,4,3
2016,Group F,20/04/2016,Grêmio,Toluca FC,1,0
2016,Group F,20/04/2016,San Lorenzo de Almagro,LDU de Quito,1,1
2016,Group B,15/04/2016,Palmeiras,River Plate,4,0
2016,Group B,15/04/2016,Nacional,Rosario Central,0,2
2016,Group C,15/04/2016,Deportivo Cali,Bolívar,1,1
2016,Group E,15/04/2016,Atlético Mineiro,FBC Melgar,4,0
2016,Group E,15/04/2016,Colo Colo,Independiente,0,0
2016,Group A,14/04/2016,São Paulo,River Plate,2,1
2016,Group C,14/04/2016,Racing Club,Boca Juniors,0,1
2016,Group F,14/04/2016,LDU de Quito,Grêmio,2,3
2016,Group G,14/04/2016,Olimpia,Deportivo Táchira,4,0
2016,Group G,14/04/2016,Emelec,Pumas UNAM,2,3
2016,Group A,13/04/2016,Trujillanos FC,The Strongest,2,1
2016,Group D,13/04/2016,Sporting Cristal,Atlético Nacional,0,1
2016,Group D,13/04/2016,Huracán,Peñarol,0,0
2016,Group F,13/04/2016,Toluca FC,San Lorenzo de Almagro,2,1
2016,Group H,13/04/2016,Cobresal,Cerro Porteño,2,0
2016,Group B,8/04/2016,River Plate,Nacional,2,2
2016,Group C,8/04/2016,Boca Juniors,Bolívar,3,1
2016,Group C,8/04/2016,Racing Club,Deportivo Cali,4,2
2016,Group E,8/04/2016,FBC Melgar,Colo Colo,1,2
2016,Group A,7/04/2016,River Plate,The Strongest,6,0
2016,Group B,7/04/2016,Rosario Central,Palmeiras,3,3
2016,Group E,7/04/2016,Independiente,Atlético Mineiro,3,2
2016,Group G,7/04/2016,Pumas UNAM,Olimpia,4,1
2016,Group H,7/04/2016,Santa Fe,Corinthians,1,1
2016,Group A,6/04/2016,São Paulo,Trujillanos FC,6,0
2016,Group D,6/04/2016,Huracán,Sporting Cristal,4,2
2016,Group F,6/04/2016,Toluca FC,LDU de Quito,2,1
2016,Group G,6/04/2016,Deportivo Táchira,Emelec,1,0
2016,Group B,18/03/2016,Nacional,Palmeiras,1,0
2016,Group C,18/03/2016,Deportivo Cali,Racing Club,2,2
2016,Group G,18/03/2016,Pumas UNAM,Deportivo Táchira,4,1
2016,Group B,17/03/2016,River Plate,Rosario Central,1,3
2016,Group E,17/03/2016,Atlético Mineiro,Colo Colo,3,0
2016,Group G,17/03/2016,Olimpia,Emelec,4,2
2016,Group H,17/03/2016,Corinthians,Cerro Porteño,2,0
2016,Group A,16/03/2016,The Strongest,River Plate,1,1
2016,Group A,16/03/2016,Trujillanos FC,São Paulo,1,1
2016,Group D,16/03/2016,Peñarol,Atlético Nacional,0,4
2016,Group F,16/03/2016,San Lorenzo de Almagro,Grêmio,1,1
2016,Group E,15/03/2016,Independiente,FBC Melgar,2,0
2016,Group H,15/03/2016,Santa Fe,Cobresal,3,0
2016,Group C,11/03/2016,Bolívar,Boca Juniors,1,1
2016,Group E,11/03/2016,Colo Colo,Atlético Mineiro,0,0
2016,Group F,11/03/2016,LDU de Quito,Toluca FC,1,2
2016,Group A,10/03/2016,River Plate,São Paulo,1,1
2016,Group B,10/03/2016,Palmeiras,Nacional,1,2
2016,Group F,10/03/2016,Grêmio,San Lorenzo de Almagro,1,1
2016,Group G,10/03/2016,Deportivo Táchira,Pumas UNAM,2,0
2016,Group B,9/03/2016,Rosario Central,River Plate,4,1
2016,Group D,9/03/2016,Atlético Nacional,Peñarol,2,0
2016,Group D,9/03/2016,Sporting Cristal,Huracán,3,2
2016,Group H,9/03/2016,Cerro Porteño,Corinthians,3,2
2016,Group H,9/03/2016,Cobresal,Santa Fe,1,2
2016,Group G,8/03/2016,Emelec,Olimpia,2,2
2016,Group B,4/03/2016,Palmeiras,Rosario Central,2,0
2016,Group C,4/03/2016,Bolívar,Deportivo Cali,5,0
2016,Group C,3/03/2016,Boca Juniors,Racing Club,0,0
2016,Group F,3/03/2016,Grêmio,LDU de Quito,4,0
2016,Group H,3/03/2016,Corinthians,Santa Fe,1,0
2016,Group A,2/03/2016,The Strongest,Trujillanos FC,2,1
2016,Group B,2/03/2016,Nacional,River Plate,0,0
2016,Group D,2/03/2016,Atlético Nacional,Sporting Cristal,3,0
2016,Group D,2/03/2016,Peñarol,Huracán,0,1
2016,Group F,2/03/2016,San Lorenzo de Almagro,Toluca FC,1,1
2016,Group E,1/03/2016,FBC Melgar,Independiente,0,1
2016,Group G,1/03/2016,Olimpia,Pumas UNAM,0,2
2016,Group A,26/02/2016,Trujillanos FC,River Plate,0,4
2016,Group G,26/02/2016,Emelec,Deportivo Táchira,2,0
2016,Group B,25/02/2016,Rosario Central,Nacional,1,1
2016,Group C,25/02/2016,Deportivo Cali,Boca Juniors,0,0
2016,Group E,25/02/2016,Atlético Mineiro,Independiente,1,0
2016,Group H,25/02/2016,Cerro Porteño,Cobresal,2,1
2016,Group C,24/02/2016,Racing Club,Bolívar,4,1
2016,Group D,24/02/2016,Huracán,Atlético Nacional,0,2
2016,Group E,24/02/2016,Colo Colo,FBC Melgar,1,0
2016,Group F,23/02/2016,LDU de Quito,San Lorenzo de Almagro,2,0
2016,Group D,19/02/2016,Sporting Cristal,Peñarol,1,1
2016,Group E,19/02/2016,Independiente,Colo Colo,1,1
2016,Group G,19/02/2016,Pumas UNAM,Emelec,4,2
2016,Group E,18/02/2016,FBC Melgar,Atlético Mineiro,1,2
2016,Group F,18/02/2016,Toluca FC,Grêmio,2,0
2016,Group H,18/02/2016,Cobresal,Corinthians,0,1
2016,Group A,17/02/2016,São Paulo,The Strongest,0,1
2016,Group B,17/02/2016,River Plate,Palmeiras,2,2
2016,Group G,17/02/2016,Deportivo Táchira,Olimpia,2,1
2016,Group H,17/02/2016,Santa Fe,Cerro Porteño,0,0
2016,Qualifying Match,12/02/2016,Santa Fe,Oriente Petrolero,3,0
2016,Qualifying Match,11/02/2016,Guaraní,Independiente,2,1
2016,Qualifying Match,11/02/2016,Racing Club,Club Puebla,1,0
2016,Qualifying Match,11/02/2016,São Paulo,Universidad César Vallejo,1,0
2016,Qualifying Match,10/02/2016,Caracas,Huracán,2,1
2016,Qualifying Match,9/02/2016,Universidad de Chile,River Plate,0,0
2016,Qualifying Match,5/02/2016,Oriente Petrolero,Santa Fe,1,3
2016,Qualifying Match,4/02/2016,Independiente,Guaraní,1,0
2016,Qualifying Match,4/02/2016,Club Puebla,Racing Club,2,2
2016,Qualifying Match,4/02/2016,Universidad César Vallejo,São Paulo,1,1
2016,Qualifying Match,3/02/2016,River Plate,Universidad de Chile,2,0
2016,Qualifying Match,2/02/2016,Huracán,Caracas,1,0
2015,Final,6/08/2015,River Plate,Tigres UANL,3,0
2015,Final,30/07/2015,Tigres UANL,River Plate,0,0
2015,Semifinal,23/07/2015,Tigres UANL,Internacional,3,1
2015,Semifinal,22/07/2015,Guaraní,River Plate,1,1
2015,Semifinal,16/07/2015,Internacional,Tigres UANL,2,1
2015,Semifinal,15/07/2015,River Plate,Guaraní,2,0
2015,Quarterfinal,29/05/2015,Racing Club,Guaraní,0,0
2015,Quarterfinal,28/05/2015,Cruzeiro,River Plate,0,3
2015,Quarterfinal,28/05/2015,Internacional,Santa Fe,2,0
2015,Quarterfinal,27/05/2015,Tigres UANL,Emelec,2,0
2015,Quarterfinal,22/05/2015,River Plate,Cruzeiro,0,1
2015,Quarterfinal,22/05/2015,Guaraní,Racing Club,1,0
2015,Quarterfinal,21/05/2015,Santa Fe,Internacional,1,0
2015,Quarterfinal,20/05/2015,Emelec,Tigres UANL,1,0
2015,Round of 16,15/05/2015,Atlético Nacional,Emelec,1,0
2015,Round of 16,15/05/2015,Boca Juniors,River Plate,0,3
2015,Round of 16,14/05/2015,Racing Club,Montevideo Wanderers,2,1
2015,Round of 16,14/05/2015,Corinthians,Guaraní,0,1
2015,Round of 16,14/05/2015,Cruzeiro,São Paulo,1,0
2015,Round of 16,14/05/2015,Internacional,Atlético Mineiro,3,1
2015,Round of 16,13/05/2015,Santa Fe,Estudiantes de la Plata,2,0
2015,Round of 16,8/05/2015,River Plate,Boca Juniors,1,0
2015,Round of 16,8/05/2015,Emelec,Atlético Nacional,2,0
2015,Round of 16,7/05/2015,Montevideo Wanderers,Racing Club,1,1
2015,Round of 16,7/05/2015,São Paulo,Cruzeiro,1,0
2015,Round of 16,7/05/2015,Guaraní,Corinthians,2,0
2015,Round of 16,7/05/2015,Atlético Mineiro,Internacional,2,2
2015,Round of 16,6/05/2015,Tigres UANL,Universitario,1,1
2015,Round of 16,6/05/2015,Estudiantes de la Plata,Santa Fe,2,1
2015,Round of 16,29/04/2015,Universitario,Tigres UANL,1,2
2015,Group A,23/04/2015,Atlético Mineiro,Colo Colo,2,0
2015,Group A,23/04/2015,Santa Fe,Atlas,3,1
2015,Group B,23/04/2015,San Lorenzo de Almagro,Danubio,0,1
2015,Group B,23/04/2015,São Paulo,Corinthians,2,0
2015,Group C,22/04/2015,Cruzeiro,Universitario,2,0
2015,Group C,22/04/2015,Mineros de Guayana,Huracán,3,0
2015,Group D,22/04/2015,Internacional,The Strongest,1,0
2015,Group D,22/04/2015,Emelec,Universidad de Chile,2,0
2015,Group G,22/04/2015,Barcelona SC,Estudiantes de la Plata,0,2
2015,Group G,22/04/2015,Atlético Nacional,Libertad,4,0
2015,Group B,17/04/2015,Corinthians,San Lorenzo de Almagro,0,0
2015,Group D,17/04/2015,Universidad de Chile,Internacional,0,4
2015,Group E,17/04/2015,Zamora FC,Montevideo Wanderers,0,3
2015,Group E,17/04/2015,Boca Juniors,Palestino,2,0
2015,Group A,16/04/2015,Colo Colo,Santa Fe,0,3
2015,Group A,16/04/2015,Atlas,Atlético Mineiro,1,0
2015,Group B,16/04/2015,Danubio,São Paulo,1,2
2015,Group F,16/04/2015,River Plate,San José,3,0
2015,Group F,16/04/2015,Juan Aurich,Tigres UANL,4,5
2015,Group C,15/04/2015,Universitario,Mineros de Guayana,2,0
2015,Group C,15/04/2015,Huracán,Cruzeiro,3,1
2015,Group D,15/04/2015,The Strongest,Emelec,1,0
2015,Group H,15/04/2015,Racing Club,Deportivo Táchira,3,2
2015,Group H,15/04/2015,Sporting Cristal,Guaraní,1,1
2015,Group A,10/04/2015,Atlético Mineiro,Santa Fe,2,0
2015,Group E,10/04/2015,Montevideo Wanderers,Boca Juniors,0,3
2015,Group G,10/04/2015,Estudiantes de la Plata,Atlético Nacional,0,1
2015,Group G,10/04/2015,Libertad,Barcelona SC,1,1
2015,Group C,9/04/2015,Huracán,Universitario,1,1
2015,Group C,9/04/2015,Cruzeiro,Mineros de Guayana,3,0
2015,Group F,9/04/2015,Tigres UANL,River Plate,2,2
2015,Group H,9/04/2015,Deportivo Táchira,Sporting Cristal,0,0
2015,Group A,8/04/2015,Atlas,Colo Colo,1,3
2015,Group E,8/04/2015,Palestino,Zamora FC,4,0
2015,Group F,8/04/2015,San José,Juan Aurich,1,1
2015,Group H,8/04/2015,Guaraní,Racing Club,2,0
2015,Group B,2/04/2015,San Lorenzo de Almagro,São Paulo,1,0
2015,Group B,2/04/2015,Corinthians,Danubio,4,0
2015,Group C,20/03/2015,Mineros de Guayana,Cruzeiro,0,2
2015,Group E,20/03/2015,Palestino,Montevideo Wanderers,1,1
2015,Group F,20/03/2015,River Plate,Juan Aurich,1,1
2015,Group G,20/03/2015,Atlético Nacional,Barcelona SC,2,3
2015,Group A,19/03/2015,Santa Fe,Atlético Mineiro,0,1
2015,Group B,19/03/2015,São Paulo,San Lorenzo de Almagro,1,0
2015,Group H,19/03/2015,Deportivo Táchira,Guaraní,1,1
2015,Group B,18/03/2015,Danubio,Corinthians,1,2
2015,Group D,18/03/2015,Emelec,Internacional,1,1
2015,Group D,18/03/2015,The Strongest,Universidad de Chile,5,3
2015,Group E,18/03/2015,Zamora FC,Boca Juniors,1,5
2015,Group F,18/03/2015,Tigres UANL,San José,4,0
2015,Group G,18/03/2015,Estudiantes de la Plata,Libertad,1,0
2015,Group H,18/03/2015,Sporting Cristal,Racing Club,0,2
2015,Group F,13/03/2015,Juan Aurich,River Plate,1,1
2015,Group E,12/03/2015,Boca Juniors,Zamora FC,5,0
2015,Group F,12/03/2015,San José,Tigres UANL,0,1
2015,Group G,12/03/2015,Barcelona SC,Atlético Nacional,1,2
2015,Group G,12/03/2015,Libertad,Estudiantes de la Plata,1,0
2015,Group H,11/03/2015,Racing Club,Sporting Cristal,1,2
2015,Group H,11/03/2015,Guaraní,Deportivo Táchira,5,2
2015,Group C,10/03/2015,Universitario,Huracán,0,0
2015,Group E,10/03/2015,Montevideo Wanderers,Palestino,1,0
2015,Group D,6/03/2015,Universidad de Chile,The Strongest,3,1
2015,Group F,6/03/2015,River Plate,Tigres UANL,1,1
2015,Group F,6/03/2015,Juan Aurich,San José,2,0
2015,Group G,6/03/2015,Atlético Nacional,Estudiantes de la Plata,1,1
2015,Group B,5/03/2015,San Lorenzo de Almagro,Corinthians,0,1
2015,Group D,5/03/2015,Internacional,Emelec,3,2
2015,Group A,4/03/2015,Colo Colo,Atlas,2,0
2015,Group C,4/03/2015,Cruzeiro,Huracán,0,0
2015,Group C,3/03/2015,Mineros de Guayana,Universitario,0,1
2015,Group G,3/03/2015,Barcelona SC,Libertad,0,1
2015,Group A,27/02/2015,Santa Fe,Colo Colo,3,1
2015,Group D,27/02/2015,Internacional,Universidad de Chile,3,1
2015,Group E,27/02/2015,Zamora FC,Palestino,0,1
2015,Group E,27/02/2015,Boca Juniors,Montevideo Wanderers,2,1
2015,Group B,26/02/2015,São Paulo,Danubio,4,0
2015,Group C,26/02/2015,Universitario,Cruzeiro,0,0
2015,Group A,25/02/2015,Atlético Mineiro,Atlas,0,1
2015,Group D,25/02/2015,Emelec,The Strongest,3,0
2015,Group G,25/02/2015,Estudiantes de la Plata,Barcelona SC,3,0
2015,Group H,25/02/2015,Racing Club,Guaraní,4,1
2015,Group H,25/02/2015,Sporting Cristal,Deportivo Táchira,1,1
2015,Group C,24/02/2015,Huracán,Mineros de Guayana,2,2
2015,Group F,20/02/2015,San José,River Plate,2,0
2015,Group A,19/02/2015,Colo Colo,Atlético Mineiro,2,0
2015,Group B,19/02/2015,Danubio,San Lorenzo de Almagro,1,2
2015,Group B,19/02/2015,Corinthians,São Paulo,2,0
2015,Group F,19/02/2015,Tigres UANL,Juan Aurich,3,0
2015,Group G,19/02/2015,Libertad,Atlético Nacional,2,2
2015,Group A,18/02/2015,Atlas,Santa Fe,0,1
2015,Group D,18/02/2015,The Strongest,Internacional,3,1
2015,Group E,18/02/2015,Palestino,Boca Juniors,0,2
2015,Group H,18/02/2015,Deportivo Táchira,Racing Club,0,5
2015,Group H,18/02/2015,Guaraní,Sporting Cristal,2,2
2015,Group D,17/02/2015,Universidad de Chile,Emelec,0,1
2015,Group E,17/02/2015,Montevideo Wanderers,Zamora FC,3,2
2015,Qualifying Match,13/02/2015,Estudiantes de la Plata,Independiente,4,0
2015,Qualifying Match,12/02/2015,Once Caldas,Corinthians,1,1
2015,Qualifying Match,12/02/2015,Nacional,Palestino,2,1
2015,Qualifying Match,11/02/2015,The Strongest,Monarcas Morelia,2,0
2015,Qualifying Match,11/02/2015,Cerro Porteño,Deportivo Táchira,2,2
2015,Qualifying Match,10/02/2015,Huracán,Alianza Lima,0,0
2015,Qualifying Match,6/02/2015,Independiente,Estudiantes de la Plata,1,0
2015,Qualifying Match,5/02/2015,Palestino,Nacional,1,0
2015,Qualifying Match,5/02/2015,Deportivo Táchira,Cerro Porteño,2,1
2015,Qualifying Match,5/02/2015,Corinthians,Once Caldas,4,0
2015,Qualifying Match,4/02/2015,Alianza Lima,Huracán,0,4
2015,Qualifying Match,4/02/2015,Monarcas Morelia,The Strongest,1,1
2014,Final,14/08/2014,San Lorenzo de Almagro,Nacional Asunción,1,0
2014,Final,7/08/2014,Nacional Asunción,San Lorenzo de Almagro,1,1
2014,Semifinal,31/07/2014,Bolívar,San Lorenzo de Almagro,1,0
2014,Semifinal,30/07/2014,Defensor Sporting,Nacional Asunción,1,0
2014,Semifinal,24/07/2014,San Lorenzo de Almagro,Bolívar,5,0
2014,Semifinal,23/07/2014,Nacional Asunción,Defensor Sporting,2,0
2014,Quarterfinal,16/05/2014,Bolívar,Lanús,1,0
2014,Quarterfinal,16/05/2014,Defensor Sporting,Atlético Nacional,1,0
2014,Quarterfinal,15/05/2014,Arsenal de Sarandí,Nacional Asunción,0,0
2014,Quarterfinal,15/05/2014,Cruzeiro,San Lorenzo de Almagro,1,1
2014,Quarterfinal,9/05/2014,Atlético Nacional,Defensor Sporting,0,2
2014,Quarterfinal,9/05/2014,Lanús,Bolívar,1,1
2014,Quarterfinal,8/05/2014,Nacional Asunción,Arsenal de Sarandí,1,0
2014,Quarterfinal,8/05/2014,San Lorenzo de Almagro,Cruzeiro,1,0
2014,Round of 16,2/05/2014,Atlético Mineiro,Atlético Nacional,1,1
2014,Round of 16,1/05/2014,Cerro Porteño,Cruzeiro,0,2
2014,Round of 16,1/05/2014,Unión Española,Arsenal de Sarandí,0,1
2014,Round of 16,1/05/2014,Grêmio,San Lorenzo de Almagro,1,0
2014,Round of 16,30/04/2014,Vélez Sarsfield,Nacional Asunción,2,2
2014,Round of 16,30/04/2014,Defensor Sporting,The Strongest,2,0
2014,Round of 16,25/04/2014,Arsenal de Sarandí,Unión Española,0,0
2014,Round of 16,24/04/2014,Santos Laguna,Lanús,0,2
2014,Round of 16,24/04/2014,Nacional Asunción,Vélez Sarsfield,1,0
2014,Round of 16,24/04/2014,Atlético Nacional,Atlético Mineiro,1,0
2014,Round of 16,24/04/2014,San Lorenzo de Almagro,Grêmio,1,0
2014,Round of 16,23/04/2014,Bolívar,León,1,1
2014,Round of 16,18/04/2014,The Strongest,Defensor Sporting,2,0
2014,Round of 16,17/04/2014,León,Bolívar,2,2
2014,Round of 16,17/04/2014,Cruzeiro,Cerro Porteño,1,1
2014,Round of 16,17/04/2014,Lanús,Santos Laguna,2,1
2014,Group F,11/04/2014,Newell's Old Boys,Atlético Nacional,1,3
2014,Group F,11/04/2014,Grêmio,Nacional,1,0
2014,Group H,11/04/2014,Peñarol,Deportivo Anzoátegui,1,1
2014,Group H,11/04/2014,Arsenal de Sarandí,Santos Laguna,3,0
2014,Group B,10/04/2014,Unión Española,Independiente,4,5
2014,Group B,10/04/2014,San Lorenzo de Almagro,Botafogo FR,3,0
2014,Group D,10/04/2014,Nacional Asunción,Santa Fe,3,2
2014,Group D,10/04/2014,Atlético Mineiro,Zamora FC,1,0
2014,Group E,10/04/2014,Defensor Sporting,Universidad de Chile,1,1
2014,Group E,10/04/2014,Cruzeiro,Cusco FC,3,0
2014,Group G,10/04/2014,Flamengo,León,2,3
2014,Group G,10/04/2014,Bolívar,Emelec,2,1
2014,Group A,9/04/2014,The Strongest,Atlético PR,2,1
2014,Group A,9/04/2014,Vélez Sarsfield,Universitario de Deportes,1,0
2014,Group C,9/04/2014,Cerro Porteño,Deportivo Cali,3,2
2014,Group C,9/04/2014,O'Higgins,Lanús,0,0
2014,Group D,4/04/2014,Santa Fe,Atlético Mineiro,1,1
2014,Group E,4/04/2014,Universidad de Chile,Cruzeiro,0,2
2014,Group B,3/04/2014,Botafogo FR,Unión Española,0,1
2014,Group F,3/04/2014,Atlético Nacional,Grêmio,0,2
2014,Group G,3/04/2014,Emelec,Flamengo,1,2
2014,Group E,2/04/2014,Cusco FC,Defensor Sporting,0,2
2014,Group A,28/03/2014,Universitario de Deportes,The Strongest,3,3
2014,Group B,28/03/2014,Independiente,San Lorenzo de Almagro,1,1
2014,Group A,27/03/2014,Atlético PR,Vélez Sarsfield,1,3
2014,Group C,27/03/2014,Deportivo Cali,O'Higgins,1,1
2014,Group C,27/03/2014,Lanús,Cerro Porteño,2,0
2014,Group F,27/03/2014,Nacional,Newell's Old Boys,2,4
2014,Group G,27/03/2014,León,Bolívar,0,1
2014,Group H,27/03/2014,Deportivo Anzoátegui,Arsenal de Sarandí,1,3
2014,Group D,26/03/2014,Zamora FC,Nacional Asunción,2,0
2014,Group H,26/03/2014,Santos Laguna,Peñarol,4,1
2014,Group B,21/03/2014,Unión Española,San Lorenzo de Almagro,1,0
2014,Group E,21/03/2014,Cruzeiro,Defensor Sporting,2,2
2014,Group A,20/03/2014,Atlético PR,Universitario de Deportes,3,0
2014,Group C,20/03/2014,Cerro Porteño,O'Higgins,2,1
2014,Group C,20/03/2014,Lanús,Deportivo Cali,2,0
2014,Group F,20/03/2014,Newell's Old Boys,Grêmio,1,1
2014,Group G,20/03/2014,Bolívar,Flamengo,1,0
2014,Group G,20/03/2014,León,Emelec,3,0
2014,Group A,19/03/2014,Vélez Sarsfield,The Strongest,2,0
2014,Group B,19/03/2014,Botafogo FR,Independiente,1,0
2014,Group D,19/03/2014,Atlético Mineiro,Nacional Asunción,1,1
2014,Group D,19/03/2014,Santa Fe,Zamora FC,2,2
2014,Group H,19/03/2014,Peñarol,Arsenal de Sarandí,2,1
2014,Group H,19/03/2014,Santos Laguna,Deportivo Anzoátegui,3,0
2014,Group E,18/03/2014,Universidad de Chile,Cusco FC,1,0
2014,Group F,18/03/2014,Nacional,Atlético Nacional,0,1
2014,Group A,14/03/2014,Universitario de Deportes,Atlético PR,0,1
2014,Group C,14/03/2014,O'Higgins,Cerro Porteño,2,2
2014,Group C,14/03/2014,Deportivo Cali,Lanús,2,1
2014,Group F,14/03/2014,Grêmio,Newell's Old Boys,0,0
2014,Group D,13/03/2014,Nacional Asunción,Atlético Mineiro,2,2
2014,Group D,13/03/2014,Zamora FC,Santa Fe,2,1
2014,Group G,13/03/2014,Flamengo,Bolívar,2,2
2014,Group H,13/03/2014,Arsenal de Sarandí,Peñarol,1,0
2014,Group A,12/03/2014,The Strongest,Vélez Sarsfield,2,0
2014,Group B,12/03/2014,Independiente,Botafogo FR,2,1
2014,Group B,12/03/2014,San Lorenzo de Almagro,Unión Española,1,1
2014,Group E,12/03/2014,Cusco FC,Universidad de Chile,1,2
2014,Group F,12/03/2014,Atlético Nacional,Nacional,2,2
2014,Group G,12/03/2014,Emelec,León,2,1
2014,Group H,12/03/2014,Deportivo Anzoátegui,Santos Laguna,1,1
2014,Group E,11/03/2014,Defensor Sporting,Cruzeiro,2,0
2014,Group F,28/02/2014,Newell's Old Boys,Nacional,4,0
2014,Group B,27/02/2014,San Lorenzo de Almagro,Independiente,1,0
2014,Group D,27/02/2014,Atlético Mineiro,Santa Fe,2,1
2014,Group G,27/02/2014,Flamengo,Emelec,3,1
2014,Group B,26/02/2014,Unión Española,Botafogo FR,1,1
2014,Group C,26/02/2014,Cerro Porteño,Lanús,3,1
2014,Group F,26/02/2014,Grêmio,Atlético Nacional,3,0
2014,Group H,26/02/2014,Arsenal de Sarandí,Deportivo Anzoátegui,3,0
2014,Group A,25/02/2014,Vélez Sarsfield,Atlético PR,2,0
2014,Group E,25/02/2014,Cruzeiro,Universidad de Chile,5,1
2014,Group A,21/02/2014,The Strongest,Universitario de Deportes,1,0
2014,Group D,21/02/2014,Nacional,Zamora FC,1,0
2014,Group C,20/02/2014,O'Higgins,Deportivo Cali,1,0
2014,Group G,20/02/2014,Bolívar,León,1,1
2014,Group B,19/02/2014,Independiente,Unión Española,2,2
2014,Group E,19/02/2014,Defensor Sporting,Cusco FC,4,1
2014,Group H,19/02/2014,Peñarol,Santos Laguna,0,2
2014,Group C,14/02/2014,Lanús,O'Higgins,0,0
2014,Group F,14/02/2014,Atlético Nacional,Newell's Old Boys,1,0
2014,Group F,14/02/2014,Nacional,Grêmio,0,1
2014,Group G,14/02/2014,Emelec,Bolívar,2,1
2014,Group A,13/02/2014,Atlético PR,The Strongest,1,0
2014,Group C,13/02/2014,Deportivo Cali,Cerro Porteño,1,0
2014,Group E,13/02/2014,Universidad de Chile,Defensor Sporting,1,0
2014,Group E,13/02/2014,Cusco FC,Cruzeiro,2,1
2014,Group G,13/02/2014,León,Flamengo,2,1
2014,Group A,12/02/2014,Universitario de Deportes,Vélez Sarsfield,0,1
2014,Group D,12/02/2014,Santa Fe,Nacional,3,1
2014,Group D,12/02/2014,Zamora FC,Atlético Mineiro,0,1
2014,Group H,12/02/2014,Santos Laguna,Arsenal de Sarandí,1,0
2014,Group H,12/02/2014,Deportivo Anzoátegui,Peñarol,1,1
2014,Group B,11/02/2014,Botafogo FR,San Lorenzo de Almagro,2,0
2014,Qualifying Match,7/02/2014,Lanús,Caracas,1,0
2014,Qualifying Match,6/02/2014,Guaraní,Universidad de Chile,2,3
2014,Qualifying Match,6/02/2014,Atlético PR,Sporting Cristal,2,1
2014,Qualifying Match,6/02/2014,Botafogo FR,Deportivo Quito,4,0
2014,Qualifying Match,5/02/2014,Santa Fe,Monarcas Morelia,1,0
2014,Qualifying Match,5/02/2014,Nacional,Oriente Petrolero,2,0
2014,Qualifying Match,31/01/2014,Caracas,Lanús,0,2
2014,Qualifying Match,31/01/2014,Universidad de Chile,Guaraní,1,0
2014,Qualifying Match,30/01/2014,Deportivo Quito,Botafogo FR,1,0
2014,Qualifying Match,30/01/2014,Sporting Cristal,Atlético PR,2,1
2014,Qualifying Match,29/01/2014,Oriente Petrolero,Nacional,1,0
2014,Qualifying Match,29/01/2014,Monarcas Morelia,Santa Fe,2,1
2013,Final,25/07/2013,Atlético Mineiro,Olimpia,2,0
2013,Final,18/07/2013,Olimpia,Atlético Mineiro,2,0
2013,Semifinal,11/07/2013,Atlético Mineiro,Newell's Old Boys,2,0
2013,Semifinal,10/07/2013,Santa Fe,Olimpia,1,0
2013,Semifinal,4/07/2013,Newell's Old Boys,Atlético Mineiro,2,0
2013,Semifinal,3/07/2013,Olimpia,Santa Fe,2,0
2013,Quarterfinal,31/05/2013,Atlético Mineiro,Club Tijuana,1,1
2013,Quarterfinal,30/05/2013,Olimpia,Fluminense FC,2,1
2013,Quarterfinal,30/05/2013,Newell's Old Boys,Boca Juniors,0,0
2013,Quarterfinal,29/05/2013,Santa Fe,Cusco FC,2,0
2013,Quarterfinal,24/05/2013,Club Tijuana,Atlético Mineiro,2,2
2013,Quarterfinal,24/05/2013,Boca Juniors,Newell's Old Boys,0,0
2013,Quarterfinal,23/05/2013,Cusco FC,Santa Fe,1,3
2013,Quarterfinal,23/05/2013,Fluminense FC,Olimpia,0,0
2013,Round of 16,17/05/2013,Olimpia,Tigre,2,0
2013,Round of 16,17/05/2013,Santa Fe,Grêmio,1,0
2013,Round of 16,16/05/2013,Vélez Sarsfield,Newell's Old Boys,1,2
2013,Round of 16,16/05/2013,Corinthians,Boca Juniors,1,1
2013,Round of 16,15/05/2013,Palmeiras,Club Tijuana,1,2
2013,Round of 16,10/05/2013,Nacional,Cusco FC,1,0
2013,Round of 16,9/05/2013,Atlético Mineiro,São Paulo,4,1
2013,Round of 16,9/05/2013,Fluminense FC,Emelec,2,0
2013,Round of 16,3/05/2013,São Paulo,Atlético Mineiro,1,2
2013,Round of 16,3/05/2013,Emelec,Fluminense FC,2,1
2013,Round of 16,2/05/2013,Boca Juniors,Corinthians,1,0
2013,Round of 16,2/05/2013,Grêmio,Santa Fe,2,1
2013,Round of 16,1/05/2013,Club Tijuana,Palmeiras,0,0
2013,Round of 16,1/05/2013,Tigre,Olimpia,2,1
2013,Round of 16,26/04/2013,Cusco FC,Nacional,1,0
2013,Round of 16,25/04/2013,Newell's Old Boys,Vélez Sarsfield,0,1
2013,Group B,19/04/2013,Libertad,Tigre,3,5
2013,Group B,19/04/2013,Sporting Cristal,Palmeiras,1,0
2013,Group H,19/04/2013,Huachipato,Grêmio,1,1
2013,Group H,19/04/2013,Fluminense FC,Caracas,1,0
2013,Group A,18/04/2013,Toluca FC,Boca Juniors,3,2
2013,Group A,18/04/2013,Barcelona SC,Nacional,1,0
2013,Group C,18/04/2013,São Paulo,Atlético Mineiro,2,0
2013,Group C,18/04/2013,Arsenal de Sarandí,The Strongest,2,1
2013,Group F,17/04/2013,Cerro Porteño,Tolima,0,0
2013,Group F,17/04/2013,Santa Fe,Cusco FC,2,0
2013,Group B,12/04/2013,Palmeiras,Libertad,1,0
2013,Group G,12/04/2013,Deportivo Lara,Universidad de Chile,2,3
2013,Group G,12/04/2013,Olimpia,Newell's Old Boys,4,1
2013,Group E,11/04/2013,Corinthians,San José,3,0
2013,Group E,11/04/2013,Club Tijuana,Millonarios,1,0
2013,Group F,11/04/2013,Cusco FC,Cerro Porteño,5,1
2013,Group H,11/04/2013,Grêmio,Fluminense FC,0,0
2013,Group B,10/04/2013,Tigre,Sporting Cristal,3,1
2013,Group D,10/04/2013,Peñarol,Deportes Iquique,3,0
2013,Group D,10/04/2013,Vélez Sarsfield,Emelec,0,0
2013,Group F,10/04/2013,Tolima,Santa Fe,1,2
2013,Group A,5/04/2013,Nacional,Toluca FC,4,0
2013,Group C,5/04/2013,The Strongest,São Paulo,2,1
2013,Group G,5/04/2013,Newell's Old Boys,Deportivo Lara,3,1
2013,Group G,5/04/2013,Universidad de Chile,Olimpia,0,1
2013,Group A,4/04/2013,Boca Juniors,Barcelona SC,1,0
2013,Group C,4/04/2013,Atlético Mineiro,Arsenal de Sarandí,5,2
2013,Group E,4/04/2013,San José,Club Tijuana,1,1
2013,Group E,4/04/2013,Millonarios,Corinthians,0,1
2013,Group H,4/04/2013,Caracas,Huachipato,0,4
2013,Group B,3/04/2013,Palmeiras,Tigre,2,0
2013,Group D,3/04/2013,Emelec,Peñarol,2,0
2013,Group D,3/04/2013,Santa Fe,Cerro Porteño,1,0
2013,Group D,3/04/2013,Deportes Iquique,Vélez Sarsfield,1,3
2013,Group F,3/04/2013,Cusco FC,Tolima,0,3
2013,Group C,15/03/2013,Arsenal de Sarandí,São Paulo,2,1
2013,Group E,15/03/2013,San José,Millonarios,2,0
2013,Group A,14/03/2013,Nacional,Boca Juniors,0,1
2013,Group C,14/03/2013,The Strongest,Atlético Mineiro,1,2
2013,Group E,14/03/2013,Corinthians,Club Tijuana,3,0
2013,Group A,13/03/2013,Barcelona SC,Toluca FC,0,0
2013,Group G,13/03/2013,Deportivo Lara,Olimpia,1,5
2013,Group G,13/03/2013,Universidad de Chile,Newell's Old Boys,0,2
2013,Group H,13/03/2013,Caracas,Grêmio,2,1
2013,Group B,12/03/2013,Sporting Cristal,Libertad,1,1
2013,Group D,12/03/2013,Vélez Sarsfield,Peñarol,3,1
2013,Group A,8/03/2013,Boca Juniors,Nacional,0,1
2013,Group C,8/03/2013,Atlético Mineiro,The Strongest,2,1
2013,Group A,7/03/2013,Toluca FC,Barcelona SC,1,1
2013,Group C,7/03/2013,São Paulo,Arsenal de Sarandí,1,1
2013,Group E,7/03/2013,Club Tijuana,Corinthians,1,0
2013,Group F,7/03/2013,Cerro Porteño,Santa Fe,1,2
2013,Group H,7/03/2013,Fluminense FC,Huachipato,1,1
2013,Group B,6/03/2013,Libertad,Sporting Cristal,2,2
2013,Group B,6/03/2013,Tigre,Palmeiras,1,0
2013,Group D,6/03/2013,Emelec,Deportes Iquique,2,1
2013,Group E,6/03/2013,Millonarios,San José,2,1
2013,Group H,6/03/2013,Grêmio,Caracas,4,1
2013,Group G,5/03/2013,Olimpia,Deportivo Lara,2,2
2013,Group G,5/03/2013,Newell's Old Boys,Universidad de Chile,1,2
2013,Group C,1/03/2013,São Paulo,The Strongest,2,1
2013,Group B,28/02/2013,Libertad,Palmeiras,2,0
2013,Group B,28/02/2013,Sporting Cristal,Tigre,2,0
2013,Group E,28/02/2013,Corinthians,Millonarios,2,0
2013,Group H,28/02/2013,Huachipato,Fluminense FC,1,2
2013,Group A,27/02/2013,Barcelona SC,Boca Juniors,1,2
2013,Group C,27/02/2013,Arsenal de Sarandí,Atlético Mineiro,2,5
2013,Group D,27/02/2013,Deportes Iquique,Emelec,2,0
2013,Group E,27/02/2013,Club Tijuana,San José,4,0
2013,Group F,27/02/2013,Tolima,Cusco FC,0,1
2013,Group D,26/02/2013,Peñarol,Vélez Sarsfield,0,1
2013,Group B,22/02/2013,Tigre,Libertad,0,2
2013,Group F,22/02/2013,Santa Fe,Tolima,1,1
2013,Group E,21/02/2013,San José,Corinthians,1,1
2013,Group F,21/02/2013,Cerro Porteño,Cusco FC,0,1
2013,Group G,21/02/2013,Deportivo Lara,Newell's Old Boys,2,1
2013,Group H,21/02/2013,Fluminense FC,Grêmio,0,3
2013,Group A,20/02/2013,Toluca FC,Nacional,2,3
2013,Group D,20/02/2013,Vélez Sarsfield,Deportes Iquique,3,0
2013,Group E,20/02/2013,Millonarios,Club Tijuana,0,1
2013,Group G,20/02/2013,Olimpia,Universidad de Chile,3,0
2013,Group H,20/02/2013,Huachipato,Caracas,1,3
2013,Group D,19/02/2013,Peñarol,Emelec,1,0
2013,Group B,15/02/2013,Palmeiras,Sporting Cristal,2,1
2013,Group C,15/02/2013,The Strongest,Arsenal de Sarandí,2,1
2013,Group F,15/02/2013,Tolima,Cerro Porteño,2,1
2013,Group A,14/02/2013,Boca Juniors,Toluca FC,1,2
2013,Group C,14/02/2013,Atlético Mineiro,São Paulo,2,1
2013,Group F,14/02/2013,Cusco FC,Santa Fe,1,1
2013,Group G,14/02/2013,Newell's Old Boys,Olimpia,3,1
2013,Group H,14/02/2013,Grêmio,Huachipato,1,2
2013,Group H,14/02/2013,Caracas,Fluminense FC,0,1
2013,Group D,13/02/2013,Deportes Iquique,Peñarol,1,2
2013,Group D,13/02/2013,Emelec,Vélez Sarsfield,1,0
2013,Group G,13/02/2013,Universidad de Chile,Deportivo Lara,2,0
2013,Group A,12/02/2013,Nacional,Barcelona SC,2,2
2013,Qualifying Match,1/02/2013,Universidad César Vallejo,Tolima,1,1
2013,Qualifying Match,31/01/2013,Bolívar,São Paulo,4,3
2013,Qualifying Match,31/01/2013,Grêmio,LDU de Quito,1,0
2013,Qualifying Match,31/01/2013,Olimpia,Defensor Sporting,2,0
2013,Qualifying Match,30/01/2013,Deportes Iquique,León,1,1
2013,Qualifying Match,29/01/2013,Deportivo Anzoátegui,Tigre,0,3
2013,Qualifying Match,25/01/2013,Tolima,Universidad César Vallejo,1,0
2013,Qualifying Match,24/01/2013,São Paulo,Bolívar,5,0
2013,Qualifying Match,24/01/2013,LDU de Quito,Grêmio,1,0
2013,Qualifying Match,24/01/2013,Defensor Sporting,Olimpia,0,0
2013,Qualifying Match,23/01/2013,Tigre,Deportivo Anzoátegui,2,1
2013,Qualifying Match,23/01/2013,León,Deportes Iquique,1,1
